0x3140f70,MEMBER,Person::operator,OBJ.operator,__q.FirstName
0x31410c0,MEMBER,Person::operator,OBJ.operator,__q.LastName
0x313b4d8,MEMBER,HRM::AddPerson,Person::set_FieldName
0x313db90,MEMBER,HRM::AddPerson,Person::get_FieldName
0x3140510,MEMBER,HRM::DeletePerson,std::basic_ios::clear
0x31406e0,MEMBER,HRM::DeletePerson,OBJ.ignore,1000
0x31417d8,MEMBER,HRM::DeletePerson,Person::set_Name
0x31442d0,MEMBER,HRM::DeletePerson,Person::get_FieldName
0x3149b60,MEMBER,HRM::UpdatePerson,std::basic_ios::clear
0x3149ce8,MEMBER,HRM::UpdatePerson,OBJ.ignore,1000
0x3152c50,MEMBER,HRM::UpdatePerson,Person::in_FirstName
0x3153228,MEMBER,HRM::UpdatePerson,Person::in_FamilyName
0x31537f0,MEMBER,HRM::UpdatePerson,Person::in_Workinghour
0x3153db0,MEMBER,HRM::UpdatePerson,Person::in_Costperhour
0x3156fa0,MEMBER,HRM::UpdatePerson,Person::get_FieldName
0x315b748,MEMBER,HRM::ReportList,std::basic_ios::clear
0x315b8d0,MEMBER,HRM::ReportList,OBJ.ignore,1000
0x315e288,MEMBER,HRM::ReportList,Person::get_FieldName
0x31605f8,MEMBER,HRM::ReportList,Person::get_FieldName
0x3162808,MEMBER,HRM::SearchPerson,std::basic_ios::clear
0x3162990,MEMBER,HRM::SearchPerson,OBJ.ignore,1000
0x3168728,MEMBER,HRM::SearchPerson,std::basic_ios::clear
0x31688b0,MEMBER,HRM::SearchPerson,OBJ.ignore,1000
0x316a120,MEMBER,HRM::SearchPerson,std::basic_ios::clear
0x316a2a8,MEMBER,HRM::SearchPerson,OBJ.ignore,1000
0x316de58,MEMBER,HRM::SearchPerson,Person::gett_FieldName
0x31748f0,MEMBER,HRM::SearchPerson,Person::gett_FieldName
0x3179600,MEMBER,HRM::set_FieldName,std::basic_ios::clear
0x3179788,MEMBER,HRM::set_FieldName,OBJ.ignore,1000
0x317a400,MEMBER,HRM::set_FieldName,std::basic_ios::clear
0x317a588,MEMBER,HRM::set_FieldName,OBJ.ignore,1000
0x317b450,MEMBER,HRM::set_FieldName,std::basic_ios::clear
0x317b5d8,MEMBER,HRM::set_FieldName,OBJ.ignore,1000
0x317c490,MEMBER,HRM::set_FieldName,std::basic_ios::clear
0x317c618,MEMBER,HRM::set_FieldName,OBJ.ignore,1000
0x31922e0,MEMBER,/home/labaccount/11-2-17/mlsa/IG/example/HumanResources/HumanResources.cpp,std::basic_ios::clear
0x3192468,MEMBER,/home/labaccount/11-2-17/mlsa/IG/example/HumanResources/HumanResources.cpp,OBJ.ignore,1000
0x3193490,MEMBER,/home/labaccount/11-2-17/mlsa/IG/example/HumanResources/HumanResources.cpp,HRM::AddPerson
0x3193578,MEMBER,/home/labaccount/11-2-17/mlsa/IG/example/HumanResources/HumanResources.cpp,HRM::DeletePerson
0x3193a48,MEMBER,/home/labaccount/11-2-17/mlsa/IG/example/HumanResources/HumanResources.cpp,HRM::UpdatePerson
0x3193f98,MEMBER,/home/labaccount/11-2-17/mlsa/IG/example/HumanResources/HumanResources.cpp,HRM::ReportList
0x3194080,MEMBER,/home/labaccount/11-2-17/mlsa/IG/example/HumanResources/HumanResources.cpp,HRM::SearchPerson
0x31950b0,GLOBAL,/home/labaccount/11-2-17/mlsa/IG/example/HumanResources/HumanResources.cpp,system,<< pause >>
