/home/labaccount/11-2-17/mlsa/IG/example/CountMinSketch/CountMinSketch.cpp,1,/home/labaccount/11-2-17/mlsa/IG/example/CountMinSketch/CountMinSketch.cpp,0x3ab3fc0,GLOBAL,CountMinSketch::CountMinSketch,exit,1
/home/labaccount/11-2-17/mlsa/IG/example/CountMinSketch/CountMinSketch.cpp,1,/home/labaccount/11-2-17/mlsa/IG/example/CountMinSketch/CountMinSketch.cpp,0x3ab5140,GLOBAL,CountMinSketch::CountMinSketch,exit,1
/home/labaccount/11-2-17/mlsa/IG/example/CountMinSketch/CountMinSketch.cpp,1,/home/labaccount/11-2-17/mlsa/IG/example/CountMinSketch/CountMinSketch.cpp,0x3ab63f0,GLOBAL,CountMinSketch::CountMinSketch,ceil,BINOP
/home/labaccount/11-2-17/mlsa/IG/example/CountMinSketch/CountMinSketch.cpp,1,/home/labaccount/11-2-17/mlsa/IG/example/CountMinSketch/CountMinSketch.cpp,0x3ab5da0,GLOBAL,CountMinSketch::CountMinSketch,exp,1
/home/labaccount/11-2-17/mlsa/IG/example/CountMinSketch/CountMinSketch.cpp,1,/home/labaccount/11-2-17/mlsa/IG/example/CountMinSketch/CountMinSketch.cpp,0x3ab6c18,GLOBAL,CountMinSketch::CountMinSketch,ceil,0x3ab6968
/home/labaccount/11-2-17/mlsa/IG/example/CountMinSketch/CountMinSketch.cpp,1,/home/labaccount/11-2-17/mlsa/IG/example/CountMinSketch/CountMinSketch.cpp,0x3ab6968,GLOBAL,CountMinSketch::CountMinSketch,log,BINOP
/home/labaccount/11-2-17/mlsa/IG/example/CountMinSketch/CountMinSketch.cpp,1,/home/labaccount/11-2-17/mlsa/IG/example/CountMinSketch/CountMinSketch.cpp,0x3ab7930,GLOBAL,CountMinSketch::CountMinSketch,srand,0x3ab7850
/home/labaccount/11-2-17/mlsa/IG/example/CountMinSketch/CountMinSketch.cpp,1,/home/labaccount/11-2-17/mlsa/IG/example/CountMinSketch/CountMinSketch.cpp,0x3ab7850,GLOBAL,CountMinSketch::CountMinSketch,time
/home/labaccount/11-2-17/mlsa/IG/example/CountMinSketch/CountMinSketch.cpp,1,/home/labaccount/11-2-17/mlsa/IG/example/CountMinSketch/CountMinSketch.cpp,0x3ab7eb0,MEMBER,CountMinSketch::CountMinSketch,CountMinSketch::genajbj,i.hashes
/home/labaccount/11-2-17/mlsa/IG/example/CountMinSketch/CountMinSketch.cpp,1,/home/labaccount/11-2-17/mlsa/IG/example/CountMinSketch/CountMinSketch.cpp,0x3abdeb0,MEMBER,CountMinSketch::update,CountMinSketch::hashstr,str
/home/labaccount/11-2-17/mlsa/IG/example/CountMinSketch/CountMinSketch.cpp,1,/home/labaccount/11-2-17/mlsa/IG/example/CountMinSketch/CountMinSketch.cpp,0x3abe050,MEMBER,CountMinSketch::update,CountMinSketch::update,hashval,c
/home/labaccount/11-2-17/mlsa/IG/example/CountMinSketch/CountMinSketch.cpp,1,/home/labaccount/11-2-17/mlsa/IG/example/CountMinSketch/CountMinSketch.cpp,0x3abe290,GLOBAL,CountMinSketch::estimate,max
/home/labaccount/11-2-17/mlsa/IG/example/CountMinSketch/CountMinSketch.cpp,1,/home/labaccount/11-2-17/mlsa/IG/example/CountMinSketch/CountMinSketch.cpp,0x3abef90,MEMBER,CountMinSketch::estimate,CountMinSketch::hashstr,str
/home/labaccount/11-2-17/mlsa/IG/example/CountMinSketch/CountMinSketch.cpp,1,/home/labaccount/11-2-17/mlsa/IG/example/CountMinSketch/CountMinSketch.cpp,0x3abf108,MEMBER,CountMinSketch::estimate,CountMinSketch::estimate,hashval
/home/labaccount/11-2-17/mlsa/IG/example/CountMinSketch/CountMinSketch.cpp,1,/home/labaccount/11-2-17/mlsa/IG/example/CountMinSketch/CountMinSketch.cpp,0x3abfb58,GLOBAL,genajbj,rand
/home/labaccount/11-2-17/mlsa/IG/example/CountMinSketch/CountMinSketch.cpp,1,/home/labaccount/11-2-17/mlsa/IG/example/CountMinSketch/CountMinSketch.cpp,0x3abff78,GLOBAL,genajbj,rand
/home/labaccount/11-2-17/mlsa/IG/example/CountMinSketch/CountMinSketch.cpp,1,/home/labaccount/11-2-17/mlsa/IG/example/CountMinSketch/CountMinSketch.cpp,0x3aea300,MEMBER,/home/labaccount/11-2-17/mlsa/IG/example/CountMinSketch/CountMinSketch.cpp,OBJ.find,ar_str[]
/home/labaccount/11-2-17/mlsa/IG/example/CountMinSketch/CountMinSketch.cpp,1,/home/labaccount/11-2-17/mlsa/IG/example/CountMinSketch/CountMinSketch.cpp,0x3aec0b8,MEMBER,/home/labaccount/11-2-17/mlsa/IG/example/CountMinSketch/CountMinSketch.cpp,OBJ.end
/home/labaccount/11-2-17/mlsa/IG/example/CountMinSketch/CountMinSketch.cpp,1,/home/labaccount/11-2-17/mlsa/IG/example/CountMinSketch/CountMinSketch.cpp,0x3aed730,MEMBER,/home/labaccount/11-2-17/mlsa/IG/example/CountMinSketch/CountMinSketch.cpp,CountMinSketch::update,ar_str[],i
/home/labaccount/11-2-17/mlsa/IG/example/CountMinSketch/CountMinSketch.cpp,1,/home/labaccount/11-2-17/mlsa/IG/example/CountMinSketch/CountMinSketch.cpp,0x3aeda08,MEMBER,/home/labaccount/11-2-17/mlsa/IG/example/CountMinSketch/CountMinSketch.cpp,OBJ.begin
/home/labaccount/11-2-17/mlsa/IG/example/CountMinSketch/CountMinSketch.cpp,1,/home/labaccount/11-2-17/mlsa/IG/example/CountMinSketch/CountMinSketch.cpp,0x3aedc70,MEMBER,/home/labaccount/11-2-17/mlsa/IG/example/CountMinSketch/CountMinSketch.cpp,OBJ.end
/home/labaccount/11-2-17/mlsa/IG/example/CountMinSketch/CountMinSketch.cpp,1,/home/labaccount/11-2-17/mlsa/IG/example/CountMinSketch/CountMinSketch.cpp,0x3aee3c0,MEMBER,/home/labaccount/11-2-17/mlsa/IG/example/CountMinSketch/CountMinSketch.cpp,CountMinSketch::estimate,it.first
/home/labaccount/11-2-17/mlsa/IG/example/CountMinSketch/CountMinSketch.cpp,1,/home/labaccount/11-2-17/mlsa/IG/example/CountMinSketch/CountMinSketch.cpp,0x3aefcc0,GLOBAL,/home/labaccount/11-2-17/mlsa/IG/example/CountMinSketch/CountMinSketch.cpp,abs,BINOP
/home/labaccount/11-2-17/mlsa/IG/example/CountMinSketch/CountMinSketch.cpp,1,/home/labaccount/11-2-17/mlsa/IG/example/CountMinSketch/CountMinSketch.cpp,0x3aef4b8,MEMBER,/home/labaccount/11-2-17/mlsa/IG/example/CountMinSketch/CountMinSketch.cpp,CountMinSketch::estimate,it.first
/home/labaccount/11-2-17/mlsa/IG/example/CountMinSketch/CountMinSketch.cpp,1,/home/labaccount/11-2-17/mlsa/IG/example/CountMinSketch/CountMinSketch.cpp,0x3af1bd0,MEMBER,/home/labaccount/11-2-17/mlsa/IG/example/CountMinSketch/CountMinSketch.cpp,CountMinSketch::estimate,it.first
/home/labaccount/11-2-17/mlsa/IG/example/CountMinSketch/CountMinSketch.cpp,1,/home/labaccount/11-2-17/mlsa/IG/example/CountMinSketch/CountMinSketch.cpp,0x3af30b8,MEMBER,/home/labaccount/11-2-17/mlsa/IG/example/CountMinSketch/CountMinSketch.cpp,CountMinSketch::totalcount
/home/labaccount/11-2-17/mlsa/IG/example/CountMinSketch/CountMinSketch.cpp,1,/home/labaccount/11-2-17/mlsa/IG/example/CountMinSketch/CountMinSketch.cpp,0x3af4418,MEMBER,/home/labaccount/11-2-17/mlsa/IG/example/CountMinSketch/CountMinSketch.cpp,CountMinSketch::totalcount
/home/labaccount/11-2-17/mlsa/IG/example/CountMinSketch/CountMinSketch.cpp,1,/home/labaccount/11-2-17/mlsa/IG/example/CountMinSketch/CountMinSketch.cpp,0x3af6be8,MEMBER,/home/labaccount/11-2-17/mlsa/IG/example/CountMinSketch/CountMinSketch.cpp,CountMinSketch::estimate,arn_str[]
