0,GLOBAL,wcschr,wcschr,__p-213,__c-213
1,GLOBAL,wcsrchr,wcsrchr,__p-221,__c-221
2,GLOBAL,wcspbrk,wcspbrk,__s1-217,__s2-217
3,GLOBAL,wcsstr,wcsstr,__s1-225,__s2-225
4,GLOBAL,__builtin_clzll,wcslen,__s-358
5,GLOBAL,wmemchr,wmemchr,__p-229,__c-229,__n-229
6,GLOBAL,__builtin_clzll,wmemchr,__s-365,__a-365,__n-365
7,GLOBAL,__builtin_clzll,wmemcmp,<0>,__c-321,EXPRESSION
8,GLOBAL,__builtin_clzll,wmemcmp,__s1-353,__s2-353,__n-353
9,GLOBAL,__builtin_clzll,wmemcpy,__s1-381,__s2-381,__n-381
10,GLOBAL,__builtin_clzll,wmemmove,__s1-373,__s2-373,__n-373
11,GLOBAL,__builtin_clzll,wmemset,__s-389,__a-389,__n-389
12,GLOBAL,__check_facet,uncaught_exception
13,GLOBAL,__check_facet,uncaught_exception
14,GLOBAL,__check_facet,uncaught_exception
15,GLOBAL,__check_facet,uncaught_exception
16,GLOBAL,__check_facet,uncaught_exception
17,GLOBAL,__check_facet,uncaught_exception
18,GLOBAL,__check_facet,uncaught_exception
19,GLOBAL,__check_facet,uncaught_exception
20,GLOBAL,__check_facet,uncaught_exception
21,GLOBAL,__check_facet,uncaught_exception
22,GLOBAL,__check_facet,uncaught_exception
23,GLOBAL,__check_facet,uncaught_exception
24,GLOBAL,__check_facet,uncaught_exception
25,GLOBAL,__check_facet,uncaught_exception
26,GLOBAL,__check_facet,uncaught_exception
27,GLOBAL,__check_facet,uncaught_exception
28,GLOBAL,__check_facet,uncaught_exception
29,GLOBAL,__check_facet,uncaught_exception
30,GLOBAL,__check_facet,uncaught_exception
31,GLOBAL,__check_facet,uncaught_exception
32,GLOBAL,__check_facet,uncaught_exception
33,GLOBAL,delete[],__throw_bad_alloc
34,GLOBAL,delete[],__throw_bad_alloc
35,GLOBAL,delete[],__throw_bad_alloc
36,GLOBAL,delete[],__throw_bad_alloc
37,GLOBAL,__builtin_strcmp,__throw_bad_cast
38,GLOBAL,__builtin_strcmp,__throw_bad_cast
39,GLOBAL,__builtin_strcmp,__throw_bad_cast
40,GLOBAL,__builtin_strcmp,__throw_bad_cast
41,GLOBAL,__builtin_strcmp,__throw_bad_cast
42,GLOBAL,__builtin_strcmp,__throw_bad_cast
43,GLOBAL,__builtin_strcmp,__throw_bad_cast
44,GLOBAL,__builtin_strcmp,__throw_bad_cast
45,GLOBAL,__builtin_strcmp,__throw_bad_cast
46,GLOBAL,has_facet,__throw_bad_cast
47,GLOBAL,use_facet,__throw_bad_cast
48,GLOBAL,use_facet,__throw_bad_cast
49,GLOBAL,__int_to_char,__throw_bad_cast
50,GLOBAL,__int_to_char,__throw_bad_cast
51,GLOBAL,__int_to_char,__throw_bad_cast
52,GLOBAL,__int_to_char,__throw_bad_cast
53,GLOBAL,__int_to_char,__throw_bad_cast
54,GLOBAL,__int_to_char,__throw_bad_cast
55,GLOBAL,__int_to_char,__throw_bad_cast
56,GLOBAL,__int_to_char,__throw_bad_cast
57,GLOBAL,__int_to_char,__throw_bad_cast
58,GLOBAL,__int_to_char,__throw_bad_cast
59,GLOBAL,__check_facet,__throw_bad_cast
60,GLOBAL,__check_facet,__throw_bad_cast
61,GLOBAL,getline,__throw_logic_error,__capacity-157
62,GLOBAL,getline,__throw_logic_error,'__throw_logic_error'
63,GLOBAL,getline,__throw_logic_error,'__throw_logic_error'
64,GLOBAL,getline,__throw_logic_error,EXPRESSION
65,GLOBAL,getline,__throw_logic_error,__len-176
66,GLOBAL,getline,__throw_logic_error,__capacity-188
67,GLOBAL,getline,__throw_logic_error,__another-189
68,GLOBAL,getline,__throw_logic_error,__len-189
69,GLOBAL,getline,__throw_logic_error,__another-190
70,GLOBAL,getline,__throw_logic_error,'__throw_logic_error'
71,GLOBAL,getline,__throw_logic_error,__len-194
72,GLOBAL,getline,__throw_logic_error,__len-200
73,GLOBAL,getline,__throw_logic_error,'__throw_logic_error'
74,GLOBAL,getline,__throw_logic_error,__beg-215
75,GLOBAL,getline,__throw_logic_error,<basic_string::_M_construct null not valid>
76,GLOBAL,delete[],__throw_length_error,__p-110
77,GLOBAL,delete[],__throw_length_error,__p-132
78,GLOBAL,operator!=,__throw_length_error,__one-175
79,GLOBAL,__ostream_write,__throw_length_error,__out-50
80,GLOBAL,__ostream_write,__throw_length_error,'__throw_length_error'
81,GLOBAL,__ostream_write,__throw_length_error,__out-52
82,GLOBAL,__ostream_fill,__throw_length_error,__out-62
83,GLOBAL,__ostream_fill,__throw_length_error,__out-65
84,GLOBAL,__ostream_fill,__throw_length_error,'__throw_length_error'
85,GLOBAL,__ostream_fill,__throw_length_error,__put-66
86,GLOBAL,__ostream_fill,__throw_length_error,__out-67
87,GLOBAL,__ostream_fill,__throw_length_error,'__throw_length_error'
88,GLOBAL,__ostream_insert,__throw_length_error,__out-87
89,GLOBAL,__ostream_insert,__throw_length_error,__out-90
90,GLOBAL,__ostream_insert,__throw_length_error,__out-94
91,GLOBAL,__ostream_insert,__throw_length_error,__out-95
92,GLOBAL,__ostream_insert,__throw_length_error,__out-96
93,GLOBAL,__ostream_insert,__throw_length_error,__out-97
94,GLOBAL,__ostream_insert,__throw_length_error,__out-98
95,GLOBAL,__ostream_insert,__throw_length_error,__out-101
96,GLOBAL,__ostream_insert,__throw_length_error,__out-102
97,GLOBAL,__ostream_insert,__throw_length_error,__out-106
98,GLOBAL,__ostream_insert,__throw_length_error,__out-41
99,GLOBAL,__ostream_insert,__throw_length_error,__x-756
100,GLOBAL,not1,__throw_length_error,__x-784
101,GLOBAL,not2,__throw_length_error,__x-833
102,GLOBAL,ptr_fun,__throw_length_error,__x-859
103,GLOBAL,ptr_fun,__throw_length_error,EXPRESSION
104,GLOBAL,ptr_fun,__throw_length_error,EXPRESSION
105,GLOBAL,ptr_fun,__throw_length_error,EXPRESSION
106,GLOBAL,ptr_fun,__throw_length_error,EXPRESSION
107,GLOBAL,ptr_fun,__throw_length_error,EXPRESSION
108,GLOBAL,ptr_fun,__throw_length_error,EXPRESSION
109,GLOBAL,ptr_fun,__throw_length_error,EXPRESSION
110,GLOBAL,ptr_fun,__throw_length_error,EXPRESSION
111,GLOBAL,mem_fun_ref,__throw_length_error,__x-123
112,GLOBAL,mem_fun_ref,__throw_length_error,__x-129
113,GLOBAL,bind1st,__throw_length_error,__x-158
114,GLOBAL,bind1st,__throw_length_error,__x-164
115,GLOBAL,bind2nd,__throw_length_error,__a-182
116,GLOBAL,bind2nd,__throw_length_error,__a-185
117,GLOBAL,bind2nd,__throw_length_error,__a-189
118,GLOBAL,bind2nd,__throw_length_error,__a-192
119,GLOBAL,bind2nd,__throw_length_error,__a-195
120,GLOBAL,bind2nd,__throw_length_error,__a-203
121,GLOBAL,bind2nd,__throw_length_error,__n-164
122,GLOBAL,bind2nd,__throw_length_error,__n-165
123,GLOBAL,bind2nd,__throw_length_error,'__throw_length_error'
124,GLOBAL,bind2nd,__throw_length_error,__size-185
125,GLOBAL,bind2nd,__throw_length_error,'__throw_length_error'
126,GLOBAL,bind2nd,__throw_length_error,'__throw_length_error'
127,GLOBAL,bind2nd,__throw_length_error,'__throw_length_error'
128,GLOBAL,bind2nd,__throw_length_error,'__throw_length_error'
129,GLOBAL,bind2nd,__throw_length_error,'__throw_length_error'
130,GLOBAL,bind2nd,__throw_length_error,'__throw_length_error'
131,GLOBAL,bind2nd,__throw_length_error,__beg-195
132,GLOBAL,bind2nd,__throw_length_error,__beg-203
133,GLOBAL,bind2nd,__throw_length_error,__req-207
134,GLOBAL,bind2nd,__throw_length_error,__beg-214
135,GLOBAL,bind2nd,__throw_length_error,<%s: __pos (which is %zu) > this->size() (which is %zu)>
136,GLOBAL,bind2nd,__throw_length_error,'__throw_length_error'
137,GLOBAL,bind2nd,__throw_length_error,__pos-263
138,GLOBAL,bind2nd,__throw_length_error,__n1-270
139,GLOBAL,bind2nd,__throw_length_error,'__throw_length_error'
140,GLOBAL,bind2nd,__throw_length_error,__s-271
141,GLOBAL,bind2nd,__throw_length_error,__pos-279
142,GLOBAL,bind2nd,__throw_length_error,__pos-280
143,GLOBAL,bind2nd,__throw_length_error,__s-287
144,GLOBAL,bind2nd,__throw_length_error,__s-288
145,GLOBAL,bind2nd,__throw_length_error,'__throw_length_error'
146,GLOBAL,bind2nd,__throw_length_error,'__throw_length_error'
147,GLOBAL,bind2nd,__throw_length_error,'__throw_length_error'
148,GLOBAL,bind2nd,__throw_length_error,__d-297
149,GLOBAL,bind2nd,__throw_length_error,__d-299
150,GLOBAL,bind2nd,__throw_length_error,__d-306
151,GLOBAL,bind2nd,__throw_length_error,__d-308
152,GLOBAL,bind2nd,__throw_length_error,__d-315
153,GLOBAL,bind2nd,__throw_length_error,__d-317
154,GLOBAL,bind2nd,__throw_length_error,__p-327
155,GLOBAL,bind2nd,__throw_length_error,__p-332
156,GLOBAL,bind2nd,__throw_length_error,__k1-332
157,GLOBAL,bind2nd,__throw_length_error,__k2-332
158,GLOBAL,bind2nd,__throw_length_error,__p-337
159,GLOBAL,bind2nd,__throw_length_error,__k1-337
160,GLOBAL,bind2nd,__throw_length_error,__k2-337
161,GLOBAL,bind2nd,__throw_length_error,__p-341
162,GLOBAL,bind2nd,__throw_length_error,__p-346
163,GLOBAL,bind2nd,__throw_length_error,<0>
164,GLOBAL,bind2nd,__throw_length_error,'__throw_length_error'
165,GLOBAL,bind2nd,__throw_length_error,__a-391
166,GLOBAL,bind2nd,__throw_length_error,<0>
167,GLOBAL,bind2nd,__throw_length_error,__str-399
168,GLOBAL,bind2nd,__throw_length_error,'__throw_length_error'
169,GLOBAL,bind2nd,__throw_length_error,__str-400
170,GLOBAL,bind2nd,__throw_length_error,'__throw_length_error'
171,GLOBAL,bind2nd,__throw_length_error,__str-400
172,GLOBAL,bind2nd,__throw_length_error,__str-400
173,GLOBAL,bind2nd,__throw_length_error,__str-414
174,GLOBAL,bind2nd,__throw_length_error,'__throw_length_error'
175,GLOBAL,bind2nd,__throw_length_error,__start-416
176,GLOBAL,bind2nd,__throw_length_error,__str-416
177,GLOBAL,bind2nd,__throw_length_error,__a-428
178,GLOBAL,bind2nd,__throw_length_error,__str-431
179,GLOBAL,bind2nd,__throw_length_error,__str-431
180,GLOBAL,bind2nd,__throw_length_error,__start-432
181,GLOBAL,bind2nd,__throw_length_error,__str-432
182,GLOBAL,bind2nd,__throw_length_error,__a-446
183,GLOBAL,bind2nd,__throw_length_error,__s-447
184,GLOBAL,bind2nd,__throw_length_error,__a-455
185,GLOBAL,bind2nd,__throw_length_error,__s-456
186,GLOBAL,bind2nd,__throw_length_error,__s-456
187,GLOBAL,bind2nd,__throw_length_error,__a-465
188,GLOBAL,bind2nd,__throw_length_error,__n-466
189,GLOBAL,bind2nd,__throw_length_error,__a-536
190,GLOBAL,bind2nd,__throw_length_error,__beg-537
191,GLOBAL,bind2nd,__throw_length_error,__str-551
192,GLOBAL,bind2nd,__throw_length_error,'__throw_length_error'
193,GLOBAL,bind2nd,__throw_length_error,__s-559
194,GLOBAL,bind2nd,__throw_length_error,<1>
195,GLOBAL,bind2nd,__throw_length_error,<1>
196,GLOBAL,bind2nd,__throw_length_error,'__throw_length_error'
197,GLOBAL,bind2nd,__throw_length_error,__n-754
198,GLOBAL,bind2nd,__throw_length_error,EXPRESSION
199,GLOBAL,bind2nd,__throw_length_error,'__throw_length_error'
200,GLOBAL,bind2nd,__throw_length_error,'__throw_length_error'
201,GLOBAL,bind2nd,__throw_length_error,'__throw_length_error'
202,GLOBAL,bind2nd,__throw_length_error,'__throw_length_error'
203,GLOBAL,bind2nd,__throw_length_error,'__throw_length_error'
204,GLOBAL,bind2nd,__throw_length_error,'__throw_length_error'
205,GLOBAL,bind2nd,__throw_length_error,'__throw_length_error'
206,GLOBAL,bind2nd,__throw_length_error,'__throw_length_error'
207,GLOBAL,bind2nd,__throw_length_error,'__throw_length_error'
208,GLOBAL,bind2nd,__throw_length_error,<0>
209,GLOBAL,bind2nd,__throw_length_error,<0>
210,GLOBAL,bind2nd,__throw_length_error,__pos-834
211,GLOBAL,bind2nd,__throw_length_error,__pos-855
212,GLOBAL,bind2nd,__throw_length_error,<basic_string::at: __n (which is %zu) >= this->size() (which is %zu)>
213,GLOBAL,bind2nd,__throw_length_error,'__throw_length_error'
214,GLOBAL,bind2nd,__throw_length_error,__n-876
215,GLOBAL,bind2nd,__throw_length_error,'__throw_length_error'
216,GLOBAL,bind2nd,__throw_length_error,<basic_string::at: __n (which is %zu) >= this->size() (which is %zu)>
217,GLOBAL,bind2nd,__throw_length_error,'__throw_length_error'
218,GLOBAL,bind2nd,__throw_length_error,__n-897
219,GLOBAL,bind2nd,__throw_length_error,'__throw_length_error'
220,GLOBAL,bind2nd,__throw_length_error,__str-942
221,GLOBAL,bind2nd,__throw_length_error,__s-951
222,GLOBAL,bind2nd,__throw_length_error,__c-961
223,GLOBAL,bind2nd,__throw_length_error,__str-983
224,GLOBAL,bind2nd,__throw_length_error,'__throw_length_error'
225,GLOBAL,bind2nd,__throw_length_error,__str-1000
226,GLOBAL,bind2nd,__throw_length_error,'__throw_length_error'
227,GLOBAL,bind2nd,__throw_length_error,__str-1002
228,GLOBAL,bind2nd,__throw_length_error,<0>
229,GLOBAL,bind2nd,__throw_length_error,__s-1015
230,GLOBAL,bind2nd,__throw_length_error,__s-1027
231,GLOBAL,bind2nd,__throw_length_error,<0>
232,GLOBAL,bind2nd,__throw_length_error,__s-1029
233,GLOBAL,bind2nd,__throw_length_error,<0>
234,GLOBAL,bind2nd,__throw_length_error,'__throw_length_error'
235,GLOBAL,bind2nd,__throw_length_error,__first-1071
236,GLOBAL,bind2nd,__throw_length_error,'__throw_length_error'
237,GLOBAL,bind2nd,__throw_length_error,'__throw_length_error'
238,GLOBAL,bind2nd,__throw_length_error,__size-1080
239,GLOBAL,bind2nd,__throw_length_error,__size-1081
240,GLOBAL,bind2nd,__throw_length_error,'__throw_length_error'
241,GLOBAL,bind2nd,__throw_length_error,__size-1083
242,GLOBAL,bind2nd,__throw_length_error,'__throw_length_error'
243,GLOBAL,bind2nd,__throw_length_error,__size-1084
244,GLOBAL,bind2nd,__throw_length_error,__str-1095
245,GLOBAL,bind2nd,__throw_length_error,<0>
246,GLOBAL,bind2nd,__throw_length_error,__str-1132
247,GLOBAL,bind2nd,__throw_length_error,'__throw_length_error'
248,GLOBAL,bind2nd,__throw_length_error,__str-1134
249,GLOBAL,bind2nd,__throw_length_error,<0>
250,GLOBAL,bind2nd,__throw_length_error,__s-1150
251,GLOBAL,bind2nd,__throw_length_error,<0>
252,GLOBAL,bind2nd,__throw_length_error,__s-1166
253,GLOBAL,bind2nd,__throw_length_error,__s-1167
254,GLOBAL,bind2nd,__throw_length_error,<0>
255,GLOBAL,bind2nd,__throw_length_error,__n-1181
256,GLOBAL,bind2nd,__throw_length_error,__first-1199
257,GLOBAL,bind2nd,__throw_length_error,'__throw_length_error'
258,GLOBAL,bind2nd,__throw_length_error,'__throw_length_error'
259,GLOBAL,bind2nd,__throw_length_error,__p-1252
260,GLOBAL,bind2nd,__throw_length_error,__p-1296
261,GLOBAL,bind2nd,__throw_length_error,__pos1-1328
262,GLOBAL,bind2nd,__throw_length_error,__str-1329
263,GLOBAL,bind2nd,__throw_length_error,__str-1329
264,GLOBAL,bind2nd,__throw_length_error,__pos1-1352
265,GLOBAL,bind2nd,__throw_length_error,__str-1352
266,GLOBAL,bind2nd,__throw_length_error,__str-1353
267,GLOBAL,bind2nd,__throw_length_error,__str-1354
268,GLOBAL,bind2nd,__throw_length_error,__pos-1374
269,GLOBAL,bind2nd,__throw_length_error,__pos-1395
270,GLOBAL,bind2nd,__throw_length_error,__s-1396
271,GLOBAL,bind2nd,__throw_length_error,__pos-1417
272,GLOBAL,bind2nd,__throw_length_error,'__throw_length_error'
273,GLOBAL,bind2nd,__throw_length_error,__pos-1437
274,GLOBAL,bind2nd,__throw_length_error,'__throw_length_error'
275,GLOBAL,bind2nd,__throw_length_error,__pos-1439
276,GLOBAL,bind2nd,__throw_length_error,__pos-1460
277,GLOBAL,bind2nd,__throw_length_error,'__throw_length_error'
278,GLOBAL,bind2nd,__throw_length_error,__pos-1461
279,GLOBAL,bind2nd,__throw_length_error,__pos-1478
280,GLOBAL,bind2nd,__throw_length_error,'__throw_length_error'
281,GLOBAL,bind2nd,__throw_length_error,__pos-1480
282,GLOBAL,bind2nd,__throw_length_error,__pos-1497
283,GLOBAL,bind2nd,__throw_length_error,'__throw_length_error'
284,GLOBAL,bind2nd,__throw_length_error,__pos-1499
285,GLOBAL,bind2nd,__throw_length_error,__pos-1532
286,GLOBAL,bind2nd,__throw_length_error,__str-1532
287,GLOBAL,bind2nd,__throw_length_error,__str-1532
288,GLOBAL,bind2nd,__throw_length_error,__pos1-1555
289,GLOBAL,bind2nd,__throw_length_error,__str-1555
290,GLOBAL,bind2nd,__throw_length_error,__str-1556
291,GLOBAL,bind2nd,__throw_length_error,__str-1557
292,GLOBAL,bind2nd,__throw_length_error,__pos-1582
293,GLOBAL,bind2nd,__throw_length_error,'__throw_length_error'
294,GLOBAL,bind2nd,__throw_length_error,__pos-1583
295,GLOBAL,bind2nd,__throw_length_error,__pos-1606
296,GLOBAL,bind2nd,__throw_length_error,__s-1606
297,GLOBAL,bind2nd,__throw_length_error,__pos-1628
298,GLOBAL,bind2nd,__throw_length_error,'__throw_length_error'
299,GLOBAL,bind2nd,__throw_length_error,__pos-1629
300,GLOBAL,bind2nd,__throw_length_error,__i1-1647
301,GLOBAL,bind2nd,__throw_length_error,__str-1647
302,GLOBAL,bind2nd,__throw_length_error,__str-1647
303,GLOBAL,bind2nd,__throw_length_error,__i1-1670
304,GLOBAL,bind2nd,__throw_length_error,__i2-1670
305,GLOBAL,bind2nd,__throw_length_error,__i1-1690
306,GLOBAL,bind2nd,__throw_length_error,__s-1690
307,GLOBAL,bind2nd,__throw_length_error,__i1-1713
308,GLOBAL,bind2nd,__throw_length_error,__i2-1713
309,GLOBAL,bind2nd,__throw_length_error,__i1-1758
310,GLOBAL,bind2nd,__throw_length_error,__i1-1771
311,GLOBAL,bind2nd,__throw_length_error,__i2-1771
312,GLOBAL,bind2nd,__throw_length_error,__i1-1782
313,GLOBAL,bind2nd,__throw_length_error,__i2-1782
314,GLOBAL,bind2nd,__throw_length_error,__i1-1793
315,GLOBAL,bind2nd,__throw_length_error,__i2-1793
316,GLOBAL,bind2nd,__throw_length_error,__k1-1794
317,GLOBAL,bind2nd,__throw_length_error,__i1-1804
318,GLOBAL,bind2nd,__throw_length_error,__i2-1804
319,GLOBAL,bind2nd,__throw_length_error,__k1-1805
320,GLOBAL,bind2nd,__throw_length_error,__i1-1833
321,GLOBAL,bind2nd,__throw_length_error,__i2-1833
322,GLOBAL,bind2nd,__throw_length_error,<0>
323,GLOBAL,bind2nd,__throw_length_error,'__throw_length_error'
324,GLOBAL,bind2nd,__throw_length_error,'__throw_length_error'
325,GLOBAL,bind2nd,__throw_length_error,__str-1935
326,GLOBAL,bind2nd,__throw_length_error,'__throw_length_error'
327,GLOBAL,bind2nd,__throw_length_error,__str-1935
328,GLOBAL,bind2nd,__throw_length_error,__s-1951
329,GLOBAL,bind2nd,__throw_length_error,__s-1951
330,GLOBAL,bind2nd,__throw_length_error,__str-1980
331,GLOBAL,bind2nd,__throw_length_error,'__throw_length_error'
332,GLOBAL,bind2nd,__throw_length_error,__str-1980
333,GLOBAL,bind2nd,__throw_length_error,__s-2011
334,GLOBAL,bind2nd,__throw_length_error,__s-2011
335,GLOBAL,bind2nd,__throw_length_error,__str-2041
336,GLOBAL,bind2nd,__throw_length_error,'__throw_length_error'
337,GLOBAL,bind2nd,__throw_length_error,__str-2041
338,GLOBAL,bind2nd,__throw_length_error,__s-2072
339,GLOBAL,bind2nd,__throw_length_error,__s-2072
340,GLOBAL,bind2nd,__throw_length_error,__c-2089
341,GLOBAL,bind2nd,__throw_length_error,__str-2105
342,GLOBAL,bind2nd,__throw_length_error,'__throw_length_error'
343,GLOBAL,bind2nd,__throw_length_error,__str-2105
344,GLOBAL,bind2nd,__throw_length_error,__s-2136
345,GLOBAL,bind2nd,__throw_length_error,__s-2136
346,GLOBAL,bind2nd,__throw_length_error,__c-2153
347,GLOBAL,bind2nd,__throw_length_error,__str-2168
348,GLOBAL,bind2nd,__throw_length_error,'__throw_length_error'
349,GLOBAL,bind2nd,__throw_length_error,__str-2168
350,GLOBAL,bind2nd,__throw_length_error,__s-2200
351,GLOBAL,bind2nd,__throw_length_error,__s-2200
352,GLOBAL,bind2nd,__throw_length_error,__str-2231
353,GLOBAL,bind2nd,__throw_length_error,'__throw_length_error'
354,GLOBAL,bind2nd,__throw_length_error,__str-2231
355,GLOBAL,bind2nd,__throw_length_error,__s-2263
356,GLOBAL,bind2nd,__throw_length_error,__s-2263
357,GLOBAL,bind2nd,__throw_length_error,__pos-2295
358,GLOBAL,bind2nd,__throw_length_error,__str-2315
359,GLOBAL,bind2nd,__throw_length_error,'__throw_length_error'
360,GLOBAL,bind2nd,__throw_length_error,__size-2316
361,GLOBAL,bind2nd,__throw_length_error,__str-2318
362,GLOBAL,bind2nd,__throw_length_error,'__throw_length_error'
363,GLOBAL,bind2nd,__throw_length_error,'__throw_length_error'
364,GLOBAL,bind2nd,__throw_length_error,__size-2320
365,GLOBAL,operator+,__throw_length_error,__str-4787
366,GLOBAL,operator+,__throw_length_error,__str-4824
367,GLOBAL,operator+,__throw_length_error,__str-4841
368,GLOBAL,operator==,__throw_length_error,__lhs-4906
369,GLOBAL,operator==,__throw_length_error,__lhs-4913
370,GLOBAL,operator==,__throw_length_error,__rhs-4913
371,GLOBAL,operator==,__throw_length_error,__lhs-4914
372,GLOBAL,operator==,__throw_length_error,'__throw_length_error'
373,GLOBAL,operator==,__throw_length_error,__lhs-4915
374,GLOBAL,operator==,__throw_length_error,__rhs-4927
375,GLOBAL,operator==,__throw_length_error,__lhs-4939
376,GLOBAL,operator<,__throw_length_error,__lhs-4989
377,GLOBAL,operator<,__throw_length_error,__lhs-5001
378,GLOBAL,operator<,__throw_length_error,__rhs-5013
379,GLOBAL,operator>,__throw_length_error,__lhs-5026
380,GLOBAL,operator>,__throw_length_error,__lhs-5038
381,GLOBAL,operator>,__throw_length_error,__rhs-5050
382,GLOBAL,operator<=,__throw_length_error,__lhs-5063
383,GLOBAL,operator<=,__throw_length_error,__lhs-5075
384,GLOBAL,operator<=,__throw_length_error,__rhs-5087
385,GLOBAL,operator>=,__throw_length_error,__lhs-5100
386,GLOBAL,operator>=,__throw_length_error,__lhs-5112
387,GLOBAL,operator>=,__throw_length_error,__rhs-5124
388,GLOBAL,swap,__throw_length_error,__lhs-5137
389,GLOBAL,operator<<,__throw_length_error,__os-5177
390,GLOBAL,operator<<,__throw_length_error,__str-5177
391,GLOBAL,operator<<,__throw_length_error,__str-5177
392,GLOBAL,getline,__throw_length_error,__is-5214
393,GLOBAL,getline,__throw_length_error,__is-5214
394,GLOBAL,getline,__throw_length_error,__s-67
395,GLOBAL,getline,__throw_length_error,'__throw_length_error'
396,GLOBAL,getline,__throw_length_error,'__throw_length_error'
397,GLOBAL,getline,__throw_length_error,__s-70
398,GLOBAL,getline,__throw_length_error,'__throw_length_error'
399,GLOBAL,getline,__throw_length_error,__s-73
400,GLOBAL,getline,__throw_length_error,'__throw_length_error'
401,GLOBAL,getline,__throw_length_error,__tmp_data-76
402,GLOBAL,getline,__throw_length_error,__s-78
403,GLOBAL,getline,__throw_length_error,__tmp_data-80
404,GLOBAL,getline,__throw_length_error,__s-83
405,GLOBAL,getline,__throw_length_error,__s-85
406,GLOBAL,getline,__throw_length_error,__s-87
407,GLOBAL,getline,__throw_length_error,'__throw_length_error'
408,GLOBAL,getline,__throw_length_error,__s-91
409,GLOBAL,getline,__throw_length_error,'__throw_length_error'
410,GLOBAL,getline,__throw_length_error,__s-95
411,GLOBAL,getline,__throw_length_error,<0>
412,GLOBAL,getline,__throw_length_error,'__throw_length_error'
413,GLOBAL,getline,__throw_length_error,__s-103
414,GLOBAL,getline,__throw_length_error,__s-105
415,GLOBAL,getline,__throw_length_error,'__throw_length_error'
416,GLOBAL,getline,__throw_length_error,__tmp_capacity-107
417,GLOBAL,getline,__throw_length_error,__s-112
418,GLOBAL,getline,__throw_length_error,__s-114
419,GLOBAL,getline,__throw_length_error,__s-116
420,GLOBAL,getline,__throw_length_error,__s-122
421,GLOBAL,getline,__throw_length_error,'__throw_length_error'
422,GLOBAL,getline,__throw_length_error,'__throw_length_error'
423,GLOBAL,getline,__throw_length_error,'__throw_length_error'
424,GLOBAL,getline,__throw_length_error,'__throw_length_error'
425,GLOBAL,getline,__throw_length_error,__s-124
426,GLOBAL,getline,__throw_length_error,__s-126
427,GLOBAL,getline,__throw_length_error,__s-130
428,GLOBAL,getline,__throw_length_error,'__throw_length_error'
429,GLOBAL,getline,__throw_length_error,'__throw_length_error'
430,GLOBAL,getline,__throw_length_error,<basic_string::_M_create>
431,GLOBAL,getline,__throw_length_error,'__throw_length_error'
432,GLOBAL,__check_facet,__throw_ios_failure,<basic_ios::clear>
433,GLOBAL,__check_facet,__throw_ios_failure,'__throw_ios_failure'
434,GLOBAL,__check_facet,__throw_ios_failure,'__throw_ios_failure'
435,GLOBAL,swap,swap
436,GLOBAL,__iterator_category,__iterator_category
437,GLOBAL,distance,distance
438,GLOBAL,distance,distance
439,GLOBAL,advance,advance
440,GLOBAL,advance,advance
441,GLOBAL,advance,advance
442,GLOBAL,advance,advance
443,GLOBAL,operator==,operator==
444,GLOBAL,operator==,operator==
445,GLOBAL,operator<,operator<
446,GLOBAL,operator<,operator<
447,GLOBAL,operator-,operator-
448,GLOBAL,operator-,operator-
449,GLOBAL,operator+,operator+
450,GLOBAL,operator==,operator==
451,GLOBAL,operator==,operator==
452,GLOBAL,operator<,operator<
453,GLOBAL,operator<,operator<
454,GLOBAL,operator-,operator-
455,GLOBAL,operator-,operator-
456,GLOBAL,operator-,operator-
457,GLOBAL,back_inserter,back_inserter
458,GLOBAL,front_inserter,front_inserter
459,GLOBAL,inserter,inserter
460,GLOBAL,operator==,operator==
461,GLOBAL,operator==,operator==
462,GLOBAL,operator==,operator==
463,GLOBAL,operator==,operator==
464,GLOBAL,operator!=,operator!=
465,GLOBAL,operator!=,operator!=
466,GLOBAL,operator!=,operator!=
467,GLOBAL,operator!=,operator!=
468,GLOBAL,operator<,operator<
469,GLOBAL,operator<,operator<
470,GLOBAL,operator<,operator<
471,GLOBAL,operator<,operator<
472,GLOBAL,operator>,operator>
473,GLOBAL,operator>,operator>
474,GLOBAL,operator>,operator>
475,GLOBAL,operator>,operator>
476,GLOBAL,operator<=,operator<=
477,GLOBAL,operator<=,operator<=
478,GLOBAL,operator<=,operator<=
479,GLOBAL,operator<=,operator<=
480,GLOBAL,operator>=,operator>=
481,GLOBAL,operator>=,operator>=
482,GLOBAL,operator>=,operator>=
483,GLOBAL,operator>=,operator>=
484,GLOBAL,operator-,operator-
485,GLOBAL,operator-,operator-
486,GLOBAL,operator-,operator-
487,GLOBAL,operator-,operator-
488,GLOBAL,operator+,operator+
489,GLOBAL,__equal_aux,__iter_less_iter
490,GLOBAL,__lexicographical_compare_impl,__iter_less_iter
491,GLOBAL,__lexicographical_compare_impl,__iter_less_iter
492,GLOBAL,__lexicographical_compare_impl,__iter_less_iter
493,GLOBAL,__lexicographical_compare_impl,__iter_less_iter
494,GLOBAL,__lexicographical_compare_impl,__iter_less_iter
495,GLOBAL,__lexicographical_compare_impl,__iter_less_iter
496,GLOBAL,__lexicographical_compare_aux,__iter_less_val
497,GLOBAL,__lower_bound,__iter_less_val
498,GLOBAL,__lower_bound,__iter_less_val
499,GLOBAL,__lower_bound,__iter_less_val
500,GLOBAL,lower_bound,__iter_less_val
501,GLOBAL,lower_bound,__iter_less_val
502,GLOBAL,equal,__iter_equal_to_iter
503,GLOBAL,equal,__iter_equal_to_iter
504,GLOBAL,equal,__iter_equal_to_iter
505,GLOBAL,equal,__iter_equal_to_iter
506,GLOBAL,equal,__iter_equal_to_iter
507,GLOBAL,lexicographical_compare,__iter_equal_to_iter
508,GLOBAL,lexicographical_compare,__iter_equal_to_iter
509,GLOBAL,lexicographical_compare,__iter_equal_to_iter
510,GLOBAL,lexicographical_compare,__iter_equal_to_iter
511,GLOBAL,lexicographical_compare,__iter_equal_to_iter
512,GLOBAL,lexicographical_compare,__iter_equal_to_iter
513,GLOBAL,lexicographical_compare,__iter_equal_to_iter
514,GLOBAL,__mismatch,__iter_equal_to_iter
515,GLOBAL,mismatch,__iter_equal_to_iter
516,GLOBAL,mismatch,__iter_equal_to_iter
517,GLOBAL,__iter_comp_val,__iter_comp_val
518,GLOBAL,__iter_comp_iter,__iter_comp_iter
519,GLOBAL,__iter_comp_val,__iter_comp_val
520,GLOBAL,__iter_comp_iter,__iter_comp_iter
521,GLOBAL,__pred_iter,__pred_iter
522,GLOBAL,__iter_comp_val,__iter_comp_val
523,GLOBAL,__iter_comp_iter,__iter_comp_iter
524,GLOBAL,__negate,__negate
525,GLOBAL,iter_swap,iter_swap
526,GLOBAL,swap_ranges,swap_ranges
527,GLOBAL,__lexicographical_compare_impl,min,__len1-935,__len2-935
528,GLOBAL,getline,min,__ret-703,__testeof-703
529,GLOBAL,getline,min,<1>,__ret-707
530,GLOBAL,getline,min,__n-786,__n-786
531,GLOBAL,getline,min,<1>,'min'
532,GLOBAL,getline,min,'min',<0>
533,GLOBAL,getline,min,'min',EXPRESSION
534,GLOBAL,getline,min,__buf_len-51,EXPRESSION
535,GLOBAL,getline,min,__buf_len-55,__remaining-55
536,GLOBAL,getline,min,'min','min'
537,GLOBAL,getline,min,'min','min'
538,GLOBAL,getline,min,__len-56,__ret-56
539,GLOBAL,getline,min,'min','min'
540,GLOBAL,getline,min,'min',__s-767
541,GLOBAL,getline,min,__len-58,EXPRESSION
542,GLOBAL,getline,min,'min','min'
543,GLOBAL,getline,min,'min','min'
544,GLOBAL,getline,min,__c-67,__ret-67
545,GLOBAL,getline,min,__s-67,'min'
546,GLOBAL,getline,min,'min',__ret-66
547,GLOBAL,getline,min,__c-65,'min'
548,GLOBAL,getline,min,'min',<0>
549,GLOBAL,getline,min,'min','min'
550,GLOBAL,getline,min,'min',EXPRESSION
551,GLOBAL,getline,min,'min',EXPRESSION
552,GLOBAL,getline,min,__buf_len-85,EXPRESSION
553,GLOBAL,getline,min,__buf_len-89,__remaining-89
554,GLOBAL,getline,min,'min','min'
555,GLOBAL,getline,min,'min','min'
556,GLOBAL,ws,min,badbit-665,__err-665
557,GLOBAL,ws,min,badbit-665,'min'
558,GLOBAL,ws,min,__num-691,__n-691
559,GLOBAL,ws,min,__s-691,'min'
560,GLOBAL,ws,min,'min',EXPRESSION
561,GLOBAL,ws,min,EXPRESSION,EXPRESSION
562,GLOBAL,ws,min,'min',eofbit-689
563,GLOBAL,min,min
564,GLOBAL,max,max
565,GLOBAL,__niter_base,__niter_base
566,GLOBAL,__miter_base,__miter_base
567,GLOBAL,__miter_base,__miter_base
568,GLOBAL,__copy_move_a,__copy_move_a
569,GLOBAL,__copy_move_a2,__copy_move_a2
570,GLOBAL,__copy_move_a2,__copy_move_a2
571,GLOBAL,__copy_move_a2,__copy_move_a2
572,GLOBAL,__copy_move_a2,__copy_move_a2
573,GLOBAL,copy,copy
574,GLOBAL,copy,copy
575,GLOBAL,copy,copy
576,GLOBAL,copy,copy
577,GLOBAL,__copy_move_backward_a,__copy_move_backward_a
578,GLOBAL,__copy_move_backward_a2,__copy_move_backward_a2
579,GLOBAL,__copy_move_backward_a2,__copy_move_backward_a2
580,GLOBAL,__copy_move_backward_a2,__copy_move_backward_a2
581,GLOBAL,__copy_move_backward_a2,__copy_move_backward_a2
582,GLOBAL,copy_backward,copy_backward
583,GLOBAL,copy_backward,copy_backward
584,GLOBAL,copy_backward,copy_backward
585,GLOBAL,__fill_a,__fill_a
586,GLOBAL,fill,fill
587,GLOBAL,fill,fill
588,GLOBAL,fill,fill
589,GLOBAL,__fill_n_a,__fill_n_a
590,GLOBAL,fill_n,fill_n
591,GLOBAL,fill_n,fill_n
592,GLOBAL,fill_n,fill_n
593,GLOBAL,__lexicographical_compare_impl,__lexicographical_compare_impl
594,GLOBAL,__lg,__lg
595,GLOBAL,__lg,__lg
596,GLOBAL,__lg,__lg
597,GLOBAL,__lg,__lg
598,GLOBAL,__lg,__lg
599,GLOBAL,__lg,__lg
600,GLOBAL,mismatch,mismatch
601,GLOBAL,mismatch,mismatch
602,GLOBAL,__builtin_clzll,__builtin_memmove,<0>,EXPRESSION,__i-139
603,GLOBAL,__builtin_clzll,__builtin_memmove,__s2[1]-150,<0>,<0>
604,GLOBAL,__builtin_clzll,__builtin_memmove,__s1[prefix '-']-150,<1>,'__builtin_memmove'
605,GLOBAL,__builtin_clzll,__builtin_memmove,__c-148,'__builtin_memmove','__builtin_memmove'
606,GLOBAL,__builtin_clzll,__builtin_memmove,__p[0]-161,EXPRESSION,__i-161
607,GLOBAL,__builtin_clzll,__builtin_memmove,__c-161,'__builtin_memmove','__builtin_memmove'
608,GLOBAL,__builtin_clzll,__builtin_memmove,__s1-172,__s2-172,EXPRESSION
609,GLOBAL,__builtin_clzll,__builtin_memmove,__s[0]-172,'__builtin_memmove','__builtin_memcmp'
610,GLOBAL,__builtin_clzll,__builtin_memmove,__s1-282,__s2-282,__n-282
611,GLOBAL,__builtin_clzll,__builtin_memset,__s-298,__a-298,__n-298
612,GLOBAL,__builtin_clzll,__builtin_memcmp,__s2-172,__s2-172,__n-172
613,GLOBAL,__builtin_clzll,__builtin_memcmp,__s-202,__n-202,__a-202
614,GLOBAL,__builtin_clzll,__builtin_memcmp,__s1-262,__s2-262,__n-262
615,GLOBAL,__builtin_clzll,__builtin_clzll
616,GLOBAL,__builtin_clzll,__builtin_clzll
617,GLOBAL,__builtin_clzll,__builtin_clzll
618,GLOBAL,__builtin_clzll,__builtin_clzll
619,GLOBAL,__builtin_clzll,__builtin_clzll
620,GLOBAL,memchr,__builtin_memchr,__s-101,__c-101,__n-101
621,GLOBAL,copy,__builtin_memcpy,__ws-282,__len-282,__len-282
622,GLOBAL,copy,__builtin_memcpy,__first-300,__result-300,__ineof-300
623,GLOBAL,__copy_move_a2,__builtin_memcpy,__result-315,__first-315,__num-315
624,GLOBAL,__copy_move_a2,__builtin_memcpy,__result-327,__first-327,__num-327
625,GLOBAL,__copy_move_a2,__builtin_memcpy,__sb-351,__n-351,__result-351
626,GLOBAL,__copy_move_a2,__builtin_memcpy,__sb-351,__n-351,'__builtin_memcpy'
627,GLOBAL,__copy_move_a2,__builtin_memcpy,__result-351,'__builtin_memcpy',__c-351
628,GLOBAL,__copy_move_a2,__builtin_memcpy,__sb-350,EXPRESSION,'__builtin_memcpy'
629,GLOBAL,__copy_move_a2,__builtin_memcpy,__sb-348,'__builtin_memcpy',__sb-348
630,GLOBAL,__copy_move_a2,__builtin_memcpy,__sb-359,__result-359,EXPRESSION
631,GLOBAL,__copy_move_a2,__builtin_memcpy,__sb-388,__n-388,__val-388
632,GLOBAL,__copy_move_a2,__builtin_memcpy,'__builtin_memcpy',__p-388,EXPRESSION
633,GLOBAL,__copy_move_a2,__builtin_memcpy,__sb-388,EXPRESSION,'__builtin_memcpy'
634,GLOBAL,__copy_move_a2,__builtin_memcpy,__sb-385,'__builtin_memcpy',__sb-385
635,GLOBAL,__copy_move_a2,__builtin_memcpy,__c-385,__ival-385,'__builtin_memcpy'
636,GLOBAL,__copy_move_a2,__builtin_memcpy,'__builtin_memcpy',__sb-383,__n-383
637,GLOBAL,__copy_move_a2,__builtin_memcpy,__c-382,'__builtin_memcpy',__c-382
638,GLOBAL,__copy_move_a2,__builtin_memcpy,EXPRESSION,EXPRESSION,__first-399
639,GLOBAL,__copy_move_a2,__builtin_memcpy,__s-120,__ws-120,__len-120
640,GLOBAL,__copy_move_a2,__builtin_memcpy,__c-120,'__builtin_memcpy','__builtin_memcpy'
641,GLOBAL,__copy_move_a2,__builtin_memcpy,__sb-399,'__builtin_memcpy',<0>
642,GLOBAL,__copy_move_a2,__builtin_memcpy,__sb-393,EXPRESSION,EXPRESSION
643,GLOBAL,__copy_move_a2,__builtin_memcpy,__sb-381,EXPRESSION,EXPRESSION
644,GLOBAL,__copy_move_a2,__builtin_memcpy,__val-381,__first-381,'__builtin_memcpy'
645,GLOBAL,__copy_move_a2,__builtin_memcpy,__c-379,EXPRESSION,'__builtin_memcpy'
646,GLOBAL,__copy_move_a2,__builtin_memcpy,'__builtin_memcpy',EXPRESSION,__s-348
647,GLOBAL,__copy_move_a2,__builtin_memcpy,__c-346,'__builtin_memcpy',__ws-346
648,GLOBAL,__copy_move_a2,__builtin_memcpy,__sb-346,'__builtin_memcpy',__s-346
649,GLOBAL,__copy_move_a2,__builtin_memcpy,__lo-187,__hi-187,__vec-187
650,GLOBAL,__copy_move_a2,__builtin_memcpy,__m-187,__c-187,'__builtin_memcpy'
651,GLOBAL,__copy_move_a2,__builtin_memcpy,__m-203,__lo-203,__hi-203
652,GLOBAL,__copy_move_a2,__builtin_memcpy,__m-219,__lo-219,__hi-219
653,GLOBAL,__copy_move_a2,__builtin_memcpy,__lo-313,__hi-313,__to-313
654,GLOBAL,__copy_move_a2,__builtin_memcpy,__lo-355,__hi-355,__dfault-355
655,GLOBAL,__copy_move_a2,__builtin_memcpy,__c-355,__dfault-355,'__builtin_memcpy'
656,GLOBAL,__copy_move_a2,__builtin_memcpy,__c-332,'__builtin_memcpy','__builtin_memcpy'
657,GLOBAL,__copy_move_a2,__builtin_memcpy,__lo-294,__hi-294,'__builtin_memcpy'
658,GLOBAL,__copy_move_a2,__builtin_memcpy,__c-277,'__builtin_memcpy',<0>
659,GLOBAL,__copy_move_a2,__builtin_memcpy,__lo-262,__hi-262,'__builtin_memcpy'
660,GLOBAL,__copy_move_a2,__builtin_memcpy,__c-248,'__builtin_memcpy',__refs-248
661,GLOBAL,__copy_move_a2,__builtin_memcpy,__to-903,__lo-903,EXPRESSION
662,GLOBAL,__copy_move_a2,__builtin_memcpy,__to-968,__lo-968,EXPRESSION
663,GLOBAL,__copy_move_a2,__builtin_memcpy,__to-1107,__lo-1107,EXPRESSION
664,GLOBAL,__copy_move_a2,__builtin_memcpy,__to-1160,__lo-1160,EXPRESSION
665,GLOBAL,__convert_from_v,__uselocale,__cloc-75
666,GLOBAL,__convert_from_v,__uselocale,__old-100
667,GLOBAL,__convert_from_v,__convert_from_v,undefined_num_of_arguments
668,GLOBAL,__convert_from_v,__convert_from_v,undefined_num_of_arguments
669,GLOBAL,__convert_from_v,__convert_from_v,undefined_num_of_arguments
670,GLOBAL,__int_to_char,__convert_from_v,undefined_num_of_arguments
671,GLOBAL,__int_to_char,__convert_from_v,undefined_num_of_arguments
672,GLOBAL,__int_to_char,__convert_from_v,undefined_num_of_arguments
673,GLOBAL,__int_to_char,__convert_from_v,undefined_num_of_arguments
674,GLOBAL,__int_to_char,__convert_from_v,undefined_num_of_arguments
675,GLOBAL,__int_to_char,__convert_from_v,undefined_num_of_arguments
676,GLOBAL,pthread_testcancel,pthread_setcanceltype,<0>,EXPRESSION
677,GLOBAL,pthread_testcancel,pthread_setcanceltype,'pthread_setcanceltype','__gthrw_pthread_create'
678,GLOBAL,pthread_testcancel,pthread_setcanceltype,EXPRESSION,__threadid-561
679,GLOBAL,pthread_testcancel,pthread_testcancel
680,GLOBAL,__gthread_join,__gthread_join
681,GLOBAL,__gthread_detach,__gthread_detach
682,GLOBAL,__gthread_equal,__gthread_equal
683,GLOBAL,__gthread_self,__gthread_self
684,GLOBAL,__gthread_yield,__gthread_yield
685,GLOBAL,__gthread_once,__gthread_once
686,GLOBAL,__gthread_once,__gthread_once
687,GLOBAL,__gthread_key_create,__gthread_key_create
688,GLOBAL,__gthread_key_delete,__gthread_key_delete
689,GLOBAL,__gthread_getspecific,__gthread_getspecific
690,GLOBAL,__gthread_setspecific,__gthread_setspecific
691,GLOBAL,__gthread_mutex_init_function,__gthread_mutex_init_function
692,GLOBAL,__gthread_mutex_init_function,__gthread_mutex_init_function
693,GLOBAL,__gthread_mutex_destroy,__gthread_mutex_destroy
694,GLOBAL,__gthread_mutex_destroy,__gthread_mutex_destroy
695,GLOBAL,__gthread_recursive_mutex_destroy,__gthread_mutex_destroy,__mutex-837
696,GLOBAL,__gthread_mutex_lock,__gthread_mutex_lock
697,GLOBAL,__gthread_mutex_lock,__gthread_mutex_lock
698,GLOBAL,__gthread_recursive_mutex_lock,__gthread_mutex_lock,__mutex-810
699,GLOBAL,__gthread_mutex_trylock,__gthread_mutex_trylock
700,GLOBAL,__gthread_mutex_trylock,__gthread_mutex_trylock
701,GLOBAL,__gthread_recursive_mutex_trylock,__gthread_mutex_trylock,__mutex-816
702,GLOBAL,__gthread_mutex_timedlock,__gthread_mutex_timedlock
703,GLOBAL,__gthread_mutex_timedlock,__gthread_mutex_timedlock
704,GLOBAL,__gthread_recursive_mutex_timedlock,__gthread_mutex_timedlock,__mutex-824,__abs_timeout-824
705,GLOBAL,__gthread_mutex_unlock,__gthread_mutex_unlock
706,GLOBAL,__gthread_mutex_unlock,__gthread_mutex_unlock
707,GLOBAL,__gthread_recursive_mutex_unlock,__gthread_mutex_unlock,__mutex-831
708,GLOBAL,__gthread_cond_broadcast,__gthread_cond_broadcast
709,GLOBAL,__gthread_cond_signal,__gthread_cond_signal
710,GLOBAL,__gthread_cond_wait,__gthread_cond_wait
711,GLOBAL,__gthread_cond_wait_recursive,__gthread_cond_wait,__cond-878,__mutex-878
712,GLOBAL,__gthread_cond_timedwait,__gthread_cond_timedwait
713,GLOBAL,__gthread_cond_destroy,__gthread_cond_destroy
714,GLOBAL,__exchange_and_add_dispatch,__exchange_and_add,__mem-82,__val-82
715,GLOBAL,__atomic_add_dispatch,__atomic_add,__mem-96,__val-96
716,GLOBAL,__exchange_and_add_dispatch,__exchange_and_add_single,__mem-84,__val-84
717,GLOBAL,__atomic_add_dispatch,__atomic_add_single,__mem-98,__val-98
718,GLOBAL,__exchange_and_add_dispatch,__exchange_and_add_dispatch
719,GLOBAL,use_facet,__exchange_and_add_dispatch,<1>,<1>
720,GLOBAL,use_facet,__exchange_and_add_dispatch,<1>,<1>
721,GLOBAL,operator^=,__exchange_and_add_dispatch,<1>,EXPRESSION
722,GLOBAL,__atomic_add_dispatch,__atomic_add_dispatch
723,GLOBAL,getline,__atomic_add_dispatch,__beg-219,__end-219
724,GLOBAL,getline,__atomic_add_dispatch,__dnew-223,<0>
725,GLOBAL,getline,__atomic_add_dispatch,'__atomic_add_dispatch',__dnew-223
726,GLOBAL,getline,__atomic_add_dispatch,__beg-229,__end-229
727,GLOBAL,getline,__atomic_add_dispatch,__dnew-232,__n-232
728,GLOBAL,getline,__atomic_add_dispatch,__n-246,<0>
729,GLOBAL,getline,__atomic_add_dispatch,'__atomic_add_dispatch',__n-246
730,GLOBAL,getline,__atomic_add_dispatch,'__atomic_add_dispatch','__atomic_add_dispatch'
731,GLOBAL,getline,__atomic_add_dispatch,'__atomic_add_dispatch','__atomic_add_dispatch'
732,GLOBAL,getline,__atomic_add_dispatch,__n-251,__c-251
733,GLOBAL,getline,__atomic_add_dispatch,__n-251,__str-251
734,GLOBAL,getline,__atomic_add_dispatch,'__atomic_add_dispatch','__atomic_add_dispatch'
735,GLOBAL,getline,__atomic_add_dispatch,__rsize-264,__capacity-264
736,GLOBAL,getline,__atomic_add_dispatch,__str-264,'__atomic_add_dispatch'
737,GLOBAL,getline,__atomic_add_dispatch,__new_capacity-269,__capacity-269
738,GLOBAL,getline,__atomic_add_dispatch,__new_capacity-270,__rsize-270
739,GLOBAL,getline,__atomic_add_dispatch,__tmp-270,'__atomic_add_dispatch'
740,GLOBAL,getline,__atomic_add_dispatch,__str-270,__rsize-270
741,GLOBAL,getline,__atomic_add_dispatch,__rsize-270,<0>
742,GLOBAL,getline,__atomic_add_dispatch,'__atomic_add_dispatch','__atomic_add_dispatch'
743,GLOBAL,getline,__atomic_add_dispatch,'__atomic_add_dispatch','__atomic_add_dispatch'
744,GLOBAL,getline,__atomic_add_dispatch,__res-291,__capacity-291
745,GLOBAL,getline,__atomic_add_dispatch,'__atomic_add_dispatch',EXPRESSION
746,GLOBAL,getline,__atomic_add_dispatch,EXPRESSION,__res-288
747,GLOBAL,getline,__atomic_add_dispatch,__res-297,__capacity-297
748,GLOBAL,getline,__atomic_add_dispatch,__pos-298,__len1-298
749,GLOBAL,getline,__atomic_add_dispatch,__len2-298,__len1-298
750,GLOBAL,getline,__atomic_add_dispatch,'__atomic_add_dispatch','__atomic_add_dispatch'
751,GLOBAL,getline,__atomic_add_dispatch,__pos-298,EXPRESSION
752,GLOBAL,getline,__atomic_add_dispatch,__r-298,'__atomic_add_dispatch'
753,GLOBAL,getline,__atomic_add_dispatch,__pos-298,'__atomic_add_dispatch'
754,GLOBAL,getline,__atomic_add_dispatch,__new_capacity-298,'__atomic_add_dispatch'
755,GLOBAL,getline,__atomic_add_dispatch,'__atomic_add_dispatch','__atomic_add_dispatch'
756,GLOBAL,getline,__atomic_add_dispatch,__capacity-298,'__atomic_add_dispatch'
757,GLOBAL,getline,__atomic_add_dispatch,<1>,'__atomic_add_dispatch'
758,GLOBAL,getline,__atomic_add_dispatch,'__atomic_add_dispatch',__s-298
759,GLOBAL,getline,__atomic_add_dispatch,'__atomic_add_dispatch',__how_much-298
760,GLOBAL,getline,__atomic_add_dispatch,'__atomic_add_dispatch',__r-298
761,GLOBAL,getline,__atomic_add_dispatch,'__atomic_add_dispatch',__len2-298
762,GLOBAL,getline,__atomic_add_dispatch,__res-298,'__atomic_add_dispatch'
763,GLOBAL,getline,__atomic_add_dispatch,__tmp-298,'__atomic_add_dispatch'
764,GLOBAL,getline,__atomic_add_dispatch,__pos-298,__len1-298
765,GLOBAL,getline,__atomic_add_dispatch,'__atomic_add_dispatch','__atomic_add_dispatch'
766,GLOBAL,getline,__atomic_add_dispatch,<1>,'__atomic_add_dispatch'
767,GLOBAL,getline,__atomic_add_dispatch,__pos-298,__n-298
768,GLOBAL,getline,__atomic_add_dispatch,__new_capacity-298,'__atomic_add_dispatch'
769,GLOBAL,getline,__atomic_add_dispatch,__r-298,'__atomic_add_dispatch'
770,GLOBAL,getline,__atomic_add_dispatch,'__atomic_add_dispatch','__atomic_add_dispatch'
771,GLOBAL,getline,__atomic_add_dispatch,__tmp-298,'__atomic_add_dispatch'
772,GLOBAL,getline,__atomic_add_dispatch,__pos-344,__n-344
773,GLOBAL,getline,__atomic_add_dispatch,__pos-344,'__atomic_add_dispatch'
774,GLOBAL,getline,__atomic_add_dispatch,__size-344,__n-344
775,GLOBAL,getline,__atomic_add_dispatch,__n-344,'__atomic_add_dispatch'
776,GLOBAL,getline,__atomic_add_dispatch,'__atomic_add_dispatch',__n-344
777,GLOBAL,getline,__atomic_add_dispatch,'__atomic_add_dispatch','__atomic_add_dispatch'
778,GLOBAL,getline,__atomic_add_dispatch,__n-358,__size-358
779,GLOBAL,getline,__atomic_add_dispatch,__s-371,__n-371
780,GLOBAL,getline,__atomic_add_dispatch,<0>,__s-374
781,GLOBAL,getline,__atomic_add_dispatch,__len-374,__k1-374
782,GLOBAL,getline,__atomic_add_dispatch,'__atomic_add_dispatch','__atomic_add_dispatch'
783,GLOBAL,getline,__atomic_add_dispatch,'__atomic_add_dispatch','__atomic_add_dispatch'
784,GLOBAL,getline,__atomic_add_dispatch,'__atomic_add_dispatch',__i2-371
785,GLOBAL,getline,__atomic_add_dispatch,__n-370,'__atomic_add_dispatch'
786,GLOBAL,getline,__atomic_add_dispatch,__len-368,'__atomic_add_dispatch'
787,GLOBAL,getline,__atomic_add_dispatch,__n1-390,__n2-390
788,GLOBAL,getline,__atomic_add_dispatch,__s-390,'__atomic_add_dispatch'
789,GLOBAL,getline,__atomic_add_dispatch,__s-390,'__atomic_add_dispatch'
790,GLOBAL,getline,__atomic_add_dispatch,__n1-390,'__atomic_add_dispatch'
791,GLOBAL,getline,__atomic_add_dispatch,__i1-390,'__atomic_add_dispatch'
792,GLOBAL,getline,__atomic_add_dispatch,__pos1-407,__old_size-407
793,GLOBAL,getline,__atomic_add_dispatch,'__atomic_add_dispatch',__n1-407
794,GLOBAL,getline,__atomic_add_dispatch,__p-411,__n2-411
795,GLOBAL,getline,__atomic_add_dispatch,__pos1-414,__n1-414
796,GLOBAL,getline,__atomic_add_dispatch,__pos1-417,__n2-417
797,GLOBAL,getline,__atomic_add_dispatch,__len1-417,__len2-417
798,GLOBAL,getline,__atomic_add_dispatch,__new_size-417,'__atomic_add_dispatch'
799,GLOBAL,getline,__atomic_add_dispatch,'__atomic_add_dispatch','__atomic_add_dispatch'
800,GLOBAL,getline,__atomic_add_dispatch,__old_size-431,__len2-431
801,GLOBAL,getline,__atomic_add_dispatch,__pos-436,__old_size-436
802,GLOBAL,getline,__atomic_add_dispatch,'__atomic_add_dispatch',__len1-436
803,GLOBAL,getline,__atomic_add_dispatch,__s-439,EXPRESSION
804,GLOBAL,getline,__atomic_add_dispatch,__p-442,__len2-442
805,GLOBAL,getline,__atomic_add_dispatch,__p-444,__s-444
806,GLOBAL,getline,__atomic_add_dispatch,__p-450,__s-450
807,GLOBAL,getline,__atomic_add_dispatch,__p-452,__len2-452
808,GLOBAL,getline,__atomic_add_dispatch,__p-456,__s-456
809,GLOBAL,getline,__atomic_add_dispatch,__p-458,__s-458
810,GLOBAL,getline,__atomic_add_dispatch,__p-462,__s-462
811,GLOBAL,getline,__atomic_add_dispatch,__p-463,__nleft-463
812,GLOBAL,getline,__atomic_add_dispatch,__pos-470,__len1-470
813,GLOBAL,getline,__atomic_add_dispatch,__new_size-472,<0>
814,GLOBAL,getline,__atomic_add_dispatch,__pos-481,<basic_string::copy>
815,GLOBAL,getline,__atomic_add_dispatch,__pos-482,__n-482
816,GLOBAL,getline,__atomic_add_dispatch,__pos-485,__n-485
817,GLOBAL,getline,__atomic_add_dispatch,__s-485,'__atomic_add_dispatch'
818,GLOBAL,operator+,__atomic_add_dispatch,__str-1158,__len-1158
819,GLOBAL,operator+,__atomic_add_dispatch,__lhs-1158,'__atomic_add_dispatch'
820,GLOBAL,operator+,__atomic_add_dispatch,__str-1160,__lhs-1160
821,GLOBAL,operator+,__atomic_add_dispatch,__str-1161,__rhs-1161
822,GLOBAL,operator+,__atomic_add_dispatch,__str-1172,__len-1172
823,GLOBAL,operator+,__atomic_add_dispatch,__rhs-1172,'__atomic_add_dispatch'
824,GLOBAL,operator+,__atomic_add_dispatch,__str-1174,<1>
825,GLOBAL,operator+,__atomic_add_dispatch,__str-1175,__rhs-1175
826,GLOBAL,operator+,__atomic_add_dispatch,__n-1186,<0>
827,GLOBAL,operator+,__atomic_add_dispatch,'__atomic_add_dispatch',__pos-1186
828,GLOBAL,operator+,__atomic_add_dispatch,__data-1194,__pos-1194
829,GLOBAL,operator+,__atomic_add_dispatch,__data[0]-1194,'__atomic_add_dispatch'
830,GLOBAL,operator+,__atomic_add_dispatch,__pos-1208,__size-1208
831,GLOBAL,operator+,__atomic_add_dispatch,__size-1211,__pos-1211
832,GLOBAL,operator+,__atomic_add_dispatch,__data-1213,__pos-1213
833,GLOBAL,operator+,__atomic_add_dispatch,__n-1226,__size-1226
834,GLOBAL,operator+,__atomic_add_dispatch,__size-1229,__n-1229
835,GLOBAL,operator+,__atomic_add_dispatch,__data-1233,__pos-1233
836,GLOBAL,operator+,__atomic_add_dispatch,'__atomic_add_dispatch',__n-1233
837,GLOBAL,operator+,__atomic_add_dispatch,__size-1246,__size-1246
838,GLOBAL,operator+,__atomic_add_dispatch,__size-1252,__c-1252
839,GLOBAL,operator+,__atomic_add_dispatch,'__atomic_add_dispatch',__size[0]-1252
840,GLOBAL,operator+,__atomic_add_dispatch,__s-1301,__n-1301
841,GLOBAL,operator+,__atomic_add_dispatch,__pos-1301,'__atomic_add_dispatch'
842,GLOBAL,operator+,__atomic_add_dispatch,__pos-1301,__pos-1301
843,GLOBAL,operator+,__atomic_add_dispatch,__pos-1312,__c-1312
844,GLOBAL,operator+,__atomic_add_dispatch,'__atomic_add_dispatch',__pos[<LValueToRValue>]-1312
845,GLOBAL,operator+,__atomic_add_dispatch,__pos-1312,'__atomic_add_dispatch'
846,GLOBAL,operator+,__atomic_add_dispatch,__n-1369,__osize-1369
847,GLOBAL,operator+,__atomic_add_dispatch,__pos1-1379,<basic_string::compare>
848,GLOBAL,operator+,__atomic_add_dispatch,__str-1380,__pos2-1380
849,GLOBAL,operator+,__atomic_add_dispatch,__pos1-1381,__n1-1381
850,GLOBAL,operator+,__atomic_add_dispatch,__str-1382,__pos2-1382
851,GLOBAL,operator+,__atomic_add_dispatch,__n1-1383,__n2-1383
852,GLOBAL,operator+,__atomic_add_dispatch,__str-1385,__pos2-1385
853,GLOBAL,operator+,__atomic_add_dispatch,__pos1-1385,'__atomic_add_dispatch'
854,GLOBAL,operator+,__atomic_add_dispatch,'__atomic_add_dispatch',__r-1384
855,GLOBAL,operator+,__atomic_add_dispatch,__n1-1387,__n2-1387
856,GLOBAL,operator+,__atomic_add_dispatch,__size-1399,__osize-1399
857,GLOBAL,operator+,__atomic_add_dispatch,__s-1399,'__atomic_add_dispatch'
858,GLOBAL,operator+,__atomic_add_dispatch,__s-1400,__len-1400
859,GLOBAL,operator+,__atomic_add_dispatch,'__atomic_add_dispatch',__r-1400
860,GLOBAL,operator+,__atomic_add_dispatch,'__atomic_add_dispatch','__atomic_add_dispatch'
861,GLOBAL,operator+,__atomic_add_dispatch,__size-1402,__osize-1402
862,GLOBAL,operator+,__atomic_add_dispatch,__pos-1412,<basic_string::compare>
863,GLOBAL,operator+,__atomic_add_dispatch,__pos-1413,__n1-1413
864,GLOBAL,operator+,__atomic_add_dispatch,__n1-1415,__osize-1415
865,GLOBAL,operator+,__atomic_add_dispatch,__s-1415,'__atomic_add_dispatch'
866,GLOBAL,operator+,__atomic_add_dispatch,__pos-1416,__s-1416
867,GLOBAL,operator+,__atomic_add_dispatch,'__atomic_add_dispatch',__r-1416
868,GLOBAL,operator+,__atomic_add_dispatch,__n1-1418,__osize-1418
869,GLOBAL,operator+,__atomic_add_dispatch,__pos-1429,<basic_string::compare>
870,GLOBAL,operator+,__atomic_add_dispatch,__pos-1430,__n1-1430
871,GLOBAL,operator+,__atomic_add_dispatch,__n1-1431,__n2-1431
872,GLOBAL,operator+,__atomic_add_dispatch,__pos-1432,__s-1432
873,GLOBAL,operator+,__atomic_add_dispatch,'__atomic_add_dispatch',__r-1432
874,GLOBAL,operator+,__atomic_add_dispatch,__n1-1434,__n2-1434
875,GLOBAL,operator>>,__atomic_add_dispatch,__str-1460,<0>
876,GLOBAL,operator>>,__atomic_add_dispatch,__in-1463,EXPRESSION
877,GLOBAL,operator>>,__atomic_add_dispatch,__c-1465,__eof-1465
878,GLOBAL,operator>>,__atomic_add_dispatch,__in-1465,EXPRESSION
879,GLOBAL,operator>>,__atomic_add_dispatch,__c-1465,__len-1465
880,GLOBAL,operator>>,__atomic_add_dispatch,__ct-1465,'__atomic_add_dispatch'
881,GLOBAL,operator>>,__atomic_add_dispatch,'__atomic_add_dispatch','__atomic_add_dispatch'
882,GLOBAL,operator>>,__atomic_add_dispatch,'__atomic_add_dispatch',__buf-1465
883,GLOBAL,operator>>,__atomic_add_dispatch,__in-1465,'__atomic_add_dispatch'
884,GLOBAL,operator>>,__atomic_add_dispatch,__str-1465,__buf-1465
885,GLOBAL,operator>>,__atomic_add_dispatch,'__atomic_add_dispatch','__atomic_add_dispatch'
886,GLOBAL,operator>>,__atomic_add_dispatch,__str-1465,'__atomic_add_dispatch'
887,GLOBAL,operator>>,__atomic_add_dispatch,__c-1480,__extracted-1480
888,GLOBAL,operator>>,__atomic_add_dispatch,__str-1482,__buf-1482
889,GLOBAL,operator>>,__atomic_add_dispatch,__in-1482,'__atomic_add_dispatch'
890,GLOBAL,operator>>,__atomic_add_dispatch,__c-1486,__eof-1486
891,GLOBAL,operator>>,__atomic_add_dispatch,'__atomic_add_dispatch','__atomic_add_dispatch'
892,GLOBAL,operator>>,__atomic_add_dispatch,__in-1488,<0>
893,GLOBAL,operator>>,__atomic_add_dispatch,__in-1492,__extracted-1492
894,GLOBAL,operator>>,__atomic_add_dispatch,__in-1492,'__atomic_add_dispatch'
895,GLOBAL,operator>>,__atomic_add_dispatch,__in-1507,__err-1507
896,GLOBAL,getline,__atomic_add_dispatch,__str-1523,__in-1523
897,GLOBAL,getline,__atomic_add_dispatch,__c-1530,__eof-1530
898,GLOBAL,getline,__atomic_add_dispatch,__in-1530,EXPRESSION
899,GLOBAL,getline,__atomic_add_dispatch,__c-1530,__idelim-1530
900,GLOBAL,getline,__atomic_add_dispatch,'__atomic_add_dispatch','__atomic_add_dispatch'
901,GLOBAL,getline,__atomic_add_dispatch,'__atomic_add_dispatch',__str-1530
902,GLOBAL,getline,__atomic_add_dispatch,__delim-1530,'__atomic_add_dispatch'
903,GLOBAL,getline,__atomic_add_dispatch,__str-1530,'__atomic_add_dispatch'
904,GLOBAL,getline,__atomic_add_dispatch,__c-1544,__eof-1544
905,GLOBAL,getline,__atomic_add_dispatch,__in-1544,'__atomic_add_dispatch'
906,GLOBAL,getline,__atomic_add_dispatch,__c-1546,__idelim-1546
907,GLOBAL,getline,__atomic_add_dispatch,'__atomic_add_dispatch','__atomic_add_dispatch'
908,GLOBAL,getline,__atomic_add_dispatch,__in-1549,__err-1549
909,GLOBAL,getline,__atomic_add_dispatch,__in-1549,__extracted-1549
910,GLOBAL,getline,__atomic_add_dispatch,__in-1549,'__atomic_add_dispatch'
911,GLOBAL,getline,__atomic_add_dispatch,'__atomic_add_dispatch','__atomic_add_dispatch'
912,GLOBAL,getline,__atomic_add_dispatch,__in-1570,__err-1570
913,GLOBAL,use_facet,__atomic_add_dispatch,<1>,EXPRESSION
914,GLOBAL,use_facet,__atomic_add_dispatch,<1>,EXPRESSION
915,GLOBAL,operator^=,__atomic_add_dispatch,<1>,'__exchange_and_add_dispatch'
916,GLOBAL,delete[],delete[]
917,GLOBAL,__check_facet,__ostream_insert,__out-509,__c-509,<1>,__out-509,__c-509
918,GLOBAL,__check_facet,__ostream_insert,__out-509,__c-509,'__ostream_insert',__out-509,__c-509
919,GLOBAL,__check_facet,__ostream_insert,__out-503,__c-503,<1>,__out-503,'__ostream_insert'
920,GLOBAL,__check_facet,__ostream_insert,__s-562,__out-562,__s-562,__out-562,badbit-562
921,GLOBAL,__check_facet,__ostream_insert,__out-562,__s-562,'__ostream_insert',__out-562,__s-562
922,GLOBAL,__check_facet,__ostream_insert,__out-562,badbit-562,'__ostream_insert','flush',__s-562
923,GLOBAL,__check_facet,__ostream_insert,__s-558,__out-558,__s-558,'__ostream_insert',__out-558
924,GLOBAL,__check_facet,__ostream_insert,__out-545,__s-545,'__ostream_insert',__out-545,__s-545
925,GLOBAL,__check_facet,__ostream_insert,__out-542,badbit-542,'__ostream_insert',__out-542,__s-542
926,GLOBAL,__check_facet,__ostream_insert,badbit-591,'__ostream_insert',__s-591,'__ostream_insert','flush'
927,GLOBAL,__check_facet,__ostream_insert,<1>,'__ostream_insert',__os-591,'flush',__os-591
928,GLOBAL,__check_facet,__ostream_insert,'__ostream_insert','flush',__os-591,__os-591,<10>
929,GLOBAL,__check_facet,__ostream_insert,'__ostream_insert','operator|=',__os-96,EXPRESSION,'operator|='
930,GLOBAL,use_facet,getline
931,GLOBAL,use_facet,getline
932,GLOBAL,use_facet,getline
933,GLOBAL,use_facet,getline
934,GLOBAL,use_facet,getline
935,GLOBAL,use_facet,getline
936,GLOBAL,use_facet,getline
937,GLOBAL,use_facet,getline
938,GLOBAL,use_facet,getline
939,GLOBAL,use_facet,getline
940,GLOBAL,use_facet,getline
941,GLOBAL,use_facet,getline
942,GLOBAL,use_facet,getline
943,GLOBAL,use_facet,getline
944,GLOBAL,__builtin_strcmp,__builtin_strcmp
945,GLOBAL,use_facet,__builtin_strcmp
946,GLOBAL,use_facet,__builtin_strcmp
947,GLOBAL,use_facet,__builtin_strcmp
948,GLOBAL,use_facet,__builtin_strcmp
949,GLOBAL,use_facet,__builtin_strcmp
950,GLOBAL,use_facet,__builtin_strcmp
951,GLOBAL,use_facet,__builtin_strcmp
952,GLOBAL,use_facet,__builtin_strcmp
953,GLOBAL,use_facet,__builtin_strcmp
954,GLOBAL,use_facet,__builtin_strcmp
955,GLOBAL,use_facet,__builtin_strcmp
956,GLOBAL,use_facet,__builtin_strcmp
957,GLOBAL,use_facet,__builtin_strcmp
958,GLOBAL,use_facet,__builtin_strcmp
959,GLOBAL,use_facet,__builtin_strcmp
960,GLOBAL,use_facet,__builtin_strcmp
961,GLOBAL,use_facet,__builtin_strcmp
962,GLOBAL,__copy_move_a2,__builtin_strcmp,<0>,__refs-1692
963,GLOBAL,__copy_move_a2,__builtin_strcmp,<0>,__refs-1706
964,GLOBAL,__copy_move_a2,__builtin_strcmp,<0>,<0>
965,GLOBAL,__copy_move_a2,__builtin_strcmp,'__builtin_strcmp',__refs-1803
966,GLOBAL,__copy_move_a2,__builtin_strcmp,__s-1909,<C>
967,GLOBAL,__copy_move_a2,__builtin_strcmp,__s-1910,<POSIX>
968,GLOBAL,__copy_move_a2,__builtin_strcmp,'__builtin_strcmp',EXPRESSION
969,GLOBAL,__copy_move_a2,__builtin_strcmp,'__builtin_strcmp','operator new[]'
970,GLOBAL,__copy_move_a2,__builtin_strcmp,'__builtin_strcmp',__tmp-1746
971,GLOBAL,__copy_move_a2,__builtin_strcmp,__cloc-1733,'__builtin_strcmp'
972,GLOBAL,__verify_grouping,operator&,__uc-384,__loc-384
973,GLOBAL,__int_to_char,operator&,__fill-926,__w-926
974,GLOBAL,__int_to_char,operator&,__s-933,__cs-933
975,GLOBAL,__int_to_char,operator&,__new-947,__sep-947
976,GLOBAL,__int_to_char,operator&,__p2-955,__p-955
977,GLOBAL,__int_to_char,operator&,__uc-981,__loc-981
978,GLOBAL,__int_to_char,operator&,__io-993,__fbuf-993
979,GLOBAL,__int_to_char,operator&,__fill-1093,__w-1093
980,GLOBAL,__int_to_char,operator&,__s-1100,__ws-1100
981,GLOBAL,__int_to_char,operator&,__ps-1134,__plen-1134
982,GLOBAL,__int_to_char,operator&,__s-1191,__io-1191
983,GLOBAL,getline,operator|,__loc-211,EXPRESSION
984,GLOBAL,getline,operator|,__s-240,__n-240
985,GLOBAL,getline,operator|,'operator|','operator|'
986,GLOBAL,getline,operator|,__off-253,__way-253
987,GLOBAL,getline,operator|,__c-434,__ret-434
988,GLOBAL,getline,operator|,__s-451,__n-451
989,GLOBAL,getline,operator|,'operator|','operator|'
990,GLOBAL,getline,operator|,__c-431,EXPRESSION
991,GLOBAL,getline,operator|,<1>,EXPRESSION
992,GLOBAL,getline,operator|,__c-429,'operator|'
993,GLOBAL,getline,operator|,EXPRESSION,<0>
994,GLOBAL,getline,operator|,'operator|',<0>
995,GLOBAL,__check_facet,operator|,__state-158,__state-158
996,GLOBAL,__check_facet,operator|,eofbit-191,<0>
997,GLOBAL,__check_facet,operator|,<0>,'operator|'
998,GLOBAL,__check_facet,operator|,__state-181,'operator|'
999,GLOBAL,__check_facet,operator|,'operator|','operator|'
1000,GLOBAL,__check_facet,operator|,goodbit-158,'operator|'
1001,GLOBAL,__check_facet,operator|,<0>,'operator|'
1002,GLOBAL,__check_facet,operator|,badbit-202,failbit-202
1003,GLOBAL,__check_facet,operator|,badbit-212,<0>
1004,GLOBAL,__check_facet,operator|,<0>,<0>
1005,GLOBAL,__check_facet,operator|,__sb-273,EXPRESSION
1006,GLOBAL,__check_facet,operator|,__c-431,__dfault-431
1007,GLOBAL,__check_facet,operator|,__c-450,<0>
1008,GLOBAL,__check_facet,operator|,'operator|',<0>
1009,GLOBAL,__check_facet,operator|,'operator|','operator|'
1010,GLOBAL,__check_facet,operator|,EXPRESSION,'operator|'
1011,GLOBAL,__check_facet,operator|,<32>,EXPRESSION
1012,GLOBAL,__check_facet,operator|,EXPRESSION,'__throw_ios_failure'
1013,GLOBAL,__check_facet,operator|,__loc-170,EXPRESSION
1014,GLOBAL,__check_facet,operator|,__loc-169,EXPRESSION
1015,GLOBAL,__int_to_char,operator~,__s-1139
1016,GLOBAL,__int_to_char,operator~,__s-1140
1017,GLOBAL,__int_to_char,operator~,__s-1144
1018,GLOBAL,__int_to_char,operator~,__s-1145
1019,GLOBAL,__int_to_char,operator~,__s-1150
1020,GLOBAL,__int_to_char,operator~,__s-1159
1021,GLOBAL,__int_to_char,operator~,__s-1174
1022,GLOBAL,ws,operator~,badbit-697
1023,GLOBAL,ws,operator~,badbit-41
1024,GLOBAL,ws,operator~,__err-703
1025,GLOBAL,ws,operator~,eofbit-717
1026,GLOBAL,ws,operator~,'operator~'
1027,GLOBAL,ws,operator~,badbit-730
1028,GLOBAL,ws,operator~,badbit-41
1029,GLOBAL,ws,operator~,__err-738
1030,GLOBAL,ws,operator~,eofbit-752
1031,GLOBAL,ws,operator~,'operator~'
1032,GLOBAL,ws,operator~,badbit-803
1033,GLOBAL,ws,operator~,badbit-41
1034,GLOBAL,ws,operator~,__err-809
1035,GLOBAL,ws,operator~,<0>
1036,GLOBAL,ws,operator~,'operator~'
1037,GLOBAL,ws,operator~,EXPRESSION
1038,GLOBAL,ws,operator~,badbit-833
1039,GLOBAL,ws,operator~,badbit-41
1040,GLOBAL,ws,operator~,eofbit-850
1041,GLOBAL,ws,operator~,'operator~'
1042,GLOBAL,ws,operator~,badbit-870
1043,GLOBAL,ws,operator~,badbit-41
1044,GLOBAL,ws,operator~,__err-876
1045,GLOBAL,ws,operator~,eofbit-889
1046,GLOBAL,ws,operator~,'operator~'
1047,GLOBAL,__verify_grouping,operator|=,__beg-604,__end-604
1048,GLOBAL,__verify_grouping,operator|=,__uc-623,__loc-623
1049,GLOBAL,__verify_grouping,operator|=,__beg-697,__end-697
1050,GLOBAL,__verify_grouping,operator|=,__beg-712,__end-712
1051,GLOBAL,__verify_grouping,operator|=,__beg-744,__end-744
1052,GLOBAL,__check_facet,operator|=,__os-613,__os-613
1053,GLOBAL,__check_facet,operator|=,__os-613,'operator|='
1054,GLOBAL,__check_facet,operator|=,__os-55,failbit-55
1055,GLOBAL,__check_facet,operator|=,__os-54,EXPRESSION
1056,GLOBAL,__check_facet,operator|=,__os-54,'operator|='
1057,GLOBAL,__check_facet,operator|=,'operator|=',goodbit-52
1058,GLOBAL,__check_facet,operator|=,__os-51,'operator|='
1059,GLOBAL,__check_facet,operator|=,__os-51,'operator|='
1060,GLOBAL,__check_facet,operator|=,__v-73,__err-73
1061,GLOBAL,__check_facet,operator|=,__np-73,'operator|='
1062,GLOBAL,__check_facet,operator|=,badbit-41,__err-41
1063,GLOBAL,__check_facet,operator|=,badbit-41,'operator|='
1064,GLOBAL,__check_facet,operator|=,'operator|=','operator|='
1065,GLOBAL,__check_facet,operator|=,'operator|=',__err-73
1066,GLOBAL,__check_facet,operator|=,basefield-96,EXPRESSION
1067,GLOBAL,__check_facet,operator|=,basefield-110,EXPRESSION
1068,GLOBAL,__check_facet,operator|=,__n-110,'operator|='
1069,GLOBAL,__check_facet,operator|=,__n-100,'operator|='
1070,GLOBAL,__check_facet,operator|=,__n-114,goodbit-114
1071,GLOBAL,__check_facet,operator|=,__err-128,failbit-128
1072,GLOBAL,__check_facet,operator|=,__sbin-128,'operator|='
1073,GLOBAL,__check_facet,operator|=,failbit-133,__sbin-133
1074,GLOBAL,__check_facet,operator|=,badbit-133,'operator|='
1075,GLOBAL,__check_facet,operator|=,__err-142,__cerb-142
1076,GLOBAL,__check_facet,operator|=,__err-164,badbit-164
1077,GLOBAL,__check_facet,operator|=,__put-164,'operator|='
1078,GLOBAL,__check_facet,operator|=,__c-164,'operator|='
1079,GLOBAL,__check_facet,operator|=,badbit-41,__err-41
1080,GLOBAL,__check_facet,operator|=,badbit-41,'operator|='
1081,GLOBAL,__check_facet,operator|=,'operator|=','operator|='
1082,GLOBAL,__check_facet,operator|=,__s-196,__n-196
1083,GLOBAL,__check_facet,operator|=,badbit-199,goodbit-199
1084,GLOBAL,__check_facet,operator|=,badbit-199,'operator|='
1085,GLOBAL,__check_facet,operator|=,<1>,__err-219
1086,GLOBAL,__check_facet,operator|=,'operator|=',badbit-219
1087,GLOBAL,__check_facet,operator|=,badbit-41,__err-41
1088,GLOBAL,__check_facet,operator|=,badbit-41,'operator|='
1089,GLOBAL,__check_facet,operator|=,'operator|=','operator|='
1090,GLOBAL,__check_facet,operator|=,<0>,cur-243
1091,GLOBAL,__check_facet,operator|=,badbit-41,__ret-41
1092,GLOBAL,__check_facet,operator|=,badbit-41,'operator|='
1093,GLOBAL,__check_facet,operator|=,'operator|=','operator|='
1094,GLOBAL,__check_facet,operator|=,EXPRESSION,goodbit-242
1095,GLOBAL,__check_facet,operator|=,__pos-267,out-267
1096,GLOBAL,__check_facet,operator|=,'operator|=',__p-267
1097,GLOBAL,__check_facet,operator|=,'operator|=',<1>
1098,GLOBAL,__check_facet,operator|=,badbit-277,__err-277
1099,GLOBAL,__check_facet,operator|=,badbit-277,'operator|='
1100,GLOBAL,__check_facet,operator|=,__off-299,__dir-299
1101,GLOBAL,__check_facet,operator|=,'operator|=',__p-299
1102,GLOBAL,__check_facet,operator|=,'operator|=',<1>
1103,GLOBAL,__check_facet,operator|=,badbit-309,__err-309
1104,GLOBAL,__check_facet,operator|=,badbit-309,'operator|='
1105,GLOBAL,operator<<,operator|=,__out-324,badbit-324
1106,GLOBAL,operator<<,operator|=,__s-329,__ip-329
1107,GLOBAL,operator<<,operator|=,__pg-340,<0>
1108,GLOBAL,operator<<,operator|=,__out-342,__s[0]-342
1109,GLOBAL,operator<<,operator|=,__s-355,__n-355
1110,GLOBAL,operator<<,operator|=,__p-355,'operator|='
1111,GLOBAL,operator<<,operator|=,__f-236,'operator|='
1112,GLOBAL,operator<<,operator|=,__f-223,'operator|='
1113,GLOBAL,operator<<,operator|=,__f-219,'operator|='
1114,GLOBAL,operator<<,operator|=,__n-215,'operator|='
1115,GLOBAL,operator<<,operator|=,__n-200,'operator|='
1116,GLOBAL,operator<<,operator|=,__n-196,'operator|='
1117,GLOBAL,operator<<,operator|=,__n-191,'operator|='
1118,GLOBAL,operator<<,operator|=,__n-187,'operator|='
1119,GLOBAL,operator<<,operator|=,__n-183,'operator|='
1120,GLOBAL,operator<<,operator|=,__n-176,'operator|='
1121,GLOBAL,operator<<,operator|=,__pf-169,'operator|='
1122,GLOBAL,operator<<,operator|=,__pf-132,'operator|='
1123,GLOBAL,operator<<,operator|=,__pf-125,'operator|='
1124,GLOBAL,operator<<,operator|=,__sb-95,EXPRESSION
1125,GLOBAL,operator<<,operator|=,__s-428,__n-428
1126,GLOBAL,operator<<,operator|=,<10>,'operator|='
1127,GLOBAL,operator<<,operator|=,<0>,__in-608
1128,GLOBAL,ws,operator|=,__in-50,skipws-50
1129,GLOBAL,ws,operator|=,__in-50,EXPRESSION
1130,GLOBAL,ws,operator|=,__c-50,__eof-50
1131,GLOBAL,ws,operator|=,__ct-50,space-50
1132,GLOBAL,ws,operator|=,__in-50,EXPRESSION
1133,GLOBAL,ws,operator|=,__sb-50,'operator|='
1134,GLOBAL,ws,operator|=,__in-50,'operator|='
1135,GLOBAL,ws,operator|=,__c-50,__eof-50
1136,GLOBAL,ws,operator|=,__sb-50,'operator|='
1137,GLOBAL,ws,operator|=,'operator|=',EXPRESSION
1138,GLOBAL,ws,operator|=,'operator|=','operator|='
1139,GLOBAL,ws,operator|=,__in-50,'operator|='
1140,GLOBAL,ws,operator|=,__in-50,'operator|='
1141,GLOBAL,ws,operator|=,__in-74,EXPRESSION
1142,GLOBAL,ws,operator|=,__in-79,__err-79
1143,GLOBAL,ws,operator|=,__ng-95,<0>
1144,GLOBAL,ws,operator|=,'operator|=',__err-95
1145,GLOBAL,ws,operator|=,badbit-100,__err-100
1146,GLOBAL,ws,operator|=,badbit-100,'operator|='
1147,GLOBAL,ws,operator|=,__ng-125,<0>
1148,GLOBAL,ws,operator|=,'operator|=',__err-125
1149,GLOBAL,ws,operator|=,badbit-145,__err-145
1150,GLOBAL,ws,operator|=,badbit-145,'operator|='
1151,GLOBAL,ws,operator|=,__ng-170,<0>
1152,GLOBAL,ws,operator|=,'operator|=',__err-170
1153,GLOBAL,ws,operator|=,badbit-190,__err-190
1154,GLOBAL,ws,operator|=,badbit-190,'operator|='
1155,GLOBAL,ws,operator|=,__sbout-213,__ineof-213
1156,GLOBAL,ws,operator|=,'operator|=',__err-213
1157,GLOBAL,ws,operator|=,failbit-220,__sbout-220
1158,GLOBAL,ws,operator|=,failbit-220,'operator|='
1159,GLOBAL,ws,operator|=,__eof-229,EXPRESSION
1160,GLOBAL,ws,operator|=,__err-229,'operator|='
1161,GLOBAL,ws,operator|=,__c-249,__eof-249
1162,GLOBAL,ws,operator|=,'operator|=',<1>
1163,GLOBAL,ws,operator|=,'operator|=',__err-247
1164,GLOBAL,ws,operator|=,badbit-256,__err-256
1165,GLOBAL,ws,operator|=,badbit-256,'operator|='
1166,GLOBAL,ws,operator|=,__err-265,__c-265
1167,GLOBAL,ws,operator|=,__cb-286,__err-286
1168,GLOBAL,ws,operator|=,EXPRESSION,eofbit-283
1169,GLOBAL,ws,operator|=,__cb-283,'operator|='
1170,GLOBAL,ws,operator|=,badbit-41,__err-41
1171,GLOBAL,ws,operator|=,badbit-41,'operator|='
1172,GLOBAL,ws,operator|=,'operator|=','operator|='
1173,GLOBAL,ws,operator|=,'operator|=',__err-281
1174,GLOBAL,ws,operator|=,__err-302,EXPRESSION
1175,GLOBAL,ws,operator|=,__c-324,__eof-324
1176,GLOBAL,ws,operator|=,__sb-321,EXPRESSION
1177,GLOBAL,ws,operator|=,__c-325,__idelim-325
1178,GLOBAL,ws,operator|=,'operator|=','operator|='
1179,GLOBAL,ws,operator|=,'operator|=',__s-320
1180,GLOBAL,ws,operator|=,__delim-319,'operator|='
1181,GLOBAL,ws,operator|=,__c-331,__eof-331
1182,GLOBAL,ws,operator|=,__sb-331,'operator|='
1183,GLOBAL,ws,operator|=,badbit-336,EXPRESSION
1184,GLOBAL,ws,operator|=,badbit-336,'operator|='
1185,GLOBAL,ws,operator|=,__err-349,EXPRESSION
1186,GLOBAL,ws,operator|=,__c-371,__eof-371
1187,GLOBAL,ws,operator|=,__c-372,__idelim-372
1188,GLOBAL,ws,operator|=,__sb-373,__c2-373
1189,GLOBAL,ws,operator|=,__c-379,__eof-379
1190,GLOBAL,ws,operator|=,__c-379,'operator|='
1191,GLOBAL,ws,operator|=,__this_sb-376,EXPRESSION
1192,GLOBAL,ws,operator|=,'operator|=',EXPRESSION
1193,GLOBAL,ws,operator|=,__c-369,EXPRESSION
1194,GLOBAL,ws,operator|=,__this_sb-369,'operator|='
1195,GLOBAL,ws,operator|=,'operator|=',__err-368
1196,GLOBAL,ws,operator|=,'operator|=',eofbit-367
1197,GLOBAL,ws,operator|=,__delim-366,'operator|='
1198,GLOBAL,ws,operator|=,badbit-384,__err-384
1199,GLOBAL,ws,operator|=,badbit-384,'operator|='
1200,GLOBAL,ws,operator|=,__err-393,EXPRESSION
1201,GLOBAL,ws,operator|=,__c-415,__eof-415
1202,GLOBAL,ws,operator|=,__sb-412,EXPRESSION
1203,GLOBAL,ws,operator|=,__c-416,__idelim-416
1204,GLOBAL,ws,operator|=,'operator|=','operator|='
1205,GLOBAL,ws,operator|=,'operator|=',__s-411
1206,GLOBAL,ws,operator|=,__delim-410,'operator|='
1207,GLOBAL,ws,operator|=,__c-422,__eof-422
1208,GLOBAL,ws,operator|=,__sb-422,'operator|='
1209,GLOBAL,ws,operator|=,__c-426,__idelim-426
1210,GLOBAL,ws,operator|=,__sb-428,__err-428
1211,GLOBAL,ws,operator|=,badbit-437,EXPRESSION
1212,GLOBAL,ws,operator|=,badbit-437,'operator|='
1213,GLOBAL,ws,operator|=,__err-450,EXPRESSION
1214,GLOBAL,ws,operator|=,__sb-472,__eof-472
1215,GLOBAL,ws,operator|=,'operator|=',__err-472
1216,GLOBAL,ws,operator|=,'operator|=',eofbit-472
1217,GLOBAL,ws,operator|=,'operator|=',<1>
1218,GLOBAL,ws,operator|=,badbit-479,__err-479
1219,GLOBAL,ws,operator|=,badbit-479,'operator|='
1220,GLOBAL,ws,operator|=,__c-517,__eof-517
1221,GLOBAL,ws,operator|=,__sb-504,EXPRESSION
1222,GLOBAL,ws,operator|=,__c-523,__eof-523
1223,GLOBAL,ws,operator|=,__sb-520,EXPRESSION
1224,GLOBAL,ws,operator|=,'operator|=',EXPRESSION
1225,GLOBAL,ws,operator|=,'operator|=',EXPRESSION
1226,GLOBAL,ws,operator|=,__c-536,__eof-536
1227,GLOBAL,ws,operator|=,badbit-541,__err-541
1228,GLOBAL,ws,operator|=,badbit-541,'operator|='
1229,GLOBAL,ws,operator|=,__c-573,__eof-573
1230,GLOBAL,ws,operator|=,__c-574,__delim-574
1231,GLOBAL,ws,operator|=,__sb-566,EXPRESSION
1232,GLOBAL,ws,operator|=,__c-580,__eof-580
1233,GLOBAL,ws,operator|=,__c-581,__delim-581
1234,GLOBAL,ws,operator|=,__sb-577,EXPRESSION
1235,GLOBAL,ws,operator|=,'operator|=',EXPRESSION
1236,GLOBAL,ws,operator|=,'operator|=',EXPRESSION
1237,GLOBAL,ws,operator|=,__c-594,__eof-594
1238,GLOBAL,ws,operator|=,__c-596,__delim-596
1239,GLOBAL,ws,operator|=,badbit-601,__err-601
1240,GLOBAL,ws,operator|=,badbit-601,'operator|='
1241,GLOBAL,ws,operator|=,__sb-601,'operator|='
1242,GLOBAL,ws,operator|=,EXPRESSION,goodbit-622
1243,GLOBAL,ws,operator|=,__err-631,eofbit-631
1244,GLOBAL,ws,operator|=,__c-631,'operator|='
1245,GLOBAL,ws,operator|=,badbit-41,__err-41
1246,GLOBAL,ws,operator|=,badbit-41,'operator|='
1247,GLOBAL,ws,operator|=,'operator|=','operator|='
1248,GLOBAL,ws,operator|=,'operator|=',__err-630
1249,GLOBAL,ws,operator|=,__s-659,__n-659
1250,GLOBAL,ws,operator|=,'operator|=',__n-659
1251,GLOBAL,ws,operator|=,__sb-727,__c-727
1252,GLOBAL,ws,operator|=,'operator|=',__err-727
1253,GLOBAL,ws,operator|=,EXPRESSION,badbit-725
1254,GLOBAL,ws,operator|=,'operator|=','operator~'
1255,GLOBAL,ws,operator|=,__sb-762,__eof-762
1256,GLOBAL,ws,operator|=,'operator|=',__err-762
1257,GLOBAL,ws,operator|=,EXPRESSION,badbit-760
1258,GLOBAL,ws,operator|=,badbit-41,__err-41
1259,GLOBAL,ws,operator|=,badbit-41,'operator|='
1260,GLOBAL,ws,operator|=,'operator|=','operator|='
1261,GLOBAL,ws,operator|=,__sb-795,<1>
1262,GLOBAL,ws,operator|=,__sb-795,'operator|='
1263,GLOBAL,ws,operator|=,__pos-860,in-860
1264,GLOBAL,ws,operator|=,'operator|=',__p-860
1265,GLOBAL,ws,operator|=,'operator|=',<1>
1266,GLOBAL,ws,operator|=,__off-899,__dir-899
1267,GLOBAL,ws,operator|=,'operator|=',__p-899
1268,GLOBAL,ws,operator|=,'operator|=',<1>
1269,GLOBAL,ws,operator|=,badbit-909,__err-909
1270,GLOBAL,ws,operator|=,badbit-909,'operator|='
1271,GLOBAL,operator>>,operator|=,__cb-936,__err-936
1272,GLOBAL,operator>>,operator|=,EXPRESSION,eofbit-935
1273,GLOBAL,operator>>,operator|=,__cb-935,'operator|='
1274,GLOBAL,operator>>,operator|=,__in-935,'operator|='
1275,GLOBAL,operator>>,operator|=,__in-940,badbit-940
1276,GLOBAL,operator>>,operator|=,'operator|=','operator|='
1277,GLOBAL,operator>>,operator|=,__in-41,badbit-41
1278,GLOBAL,operator>>,operator|=,__in-948,__err-948
1279,GLOBAL,operator>>,operator|=,__in-971,EXPRESSION
1280,GLOBAL,operator>>,operator|=,__c-982,__eof-982
1281,GLOBAL,operator>>,operator|=,__ct-983,space-983
1282,GLOBAL,operator>>,operator|=,__sb-979,EXPRESSION
1283,GLOBAL,operator>>,operator|=,__in-979,'operator|='
1284,GLOBAL,operator>>,operator|=,'operator|=',__c-978
1285,GLOBAL,operator>>,operator|=,__in-977,'operator|='
1286,GLOBAL,operator>>,operator|=,'operator|=',__s-975
1287,GLOBAL,operator>>,operator|=,__c-986,__extracted-986
1288,GLOBAL,operator>>,operator|=,__c-990,__eof-990
1289,GLOBAL,operator>>,operator|=,__sb-990,'operator|='
1290,GLOBAL,operator>>,operator|=,__in-996,<0>
1291,GLOBAL,operator>>,operator|=,__in-1000,badbit-1000
1292,GLOBAL,operator>>,operator|=,__in-41,badbit-41
1293,GLOBAL,getline,getline
1294,GLOBAL,getline,getline
1295,GLOBAL,getline,getline
1296,GLOBAL,getline,getline
1297,GLOBAL,getline,getline
1298,GLOBAL,getline,getline
1299,GLOBAL,getline,getline
1300,GLOBAL,getline,getline
1301,GLOBAL,getline,getline
1302,GLOBAL,getline,getline
1303,GLOBAL,getline,getline
1304,GLOBAL,getline,getline
1305,GLOBAL,getline,getline
1306,GLOBAL,getline,getline
1307,GLOBAL,getline,getline
1308,GLOBAL,getline,getline
1309,GLOBAL,getline,getline
1310,GLOBAL,getline,getline
1311,GLOBAL,getline,getline
1312,GLOBAL,getline,getline
1313,GLOBAL,getline,getline
1314,GLOBAL,getline,getline
1315,GLOBAL,getline,getline
1316,GLOBAL,getline,getline
1317,GLOBAL,getline,getline
1318,GLOBAL,getline,getline
1319,GLOBAL,getline,getline
1320,GLOBAL,getline,getline
1321,GLOBAL,getline,getline
1322,GLOBAL,getline,getline
1323,GLOBAL,getline,getline
1324,GLOBAL,getline,getline
1325,GLOBAL,getline,getline
1326,GLOBAL,getline,getline
1327,GLOBAL,getline,getline
1328,GLOBAL,getline,getline
1329,GLOBAL,getline,getline
1330,GLOBAL,getline,getline
1331,GLOBAL,getline,getline
1332,GLOBAL,getline,getline
1333,GLOBAL,getline,getline
1334,GLOBAL,getline,getline
1335,GLOBAL,getline,getline
1336,GLOBAL,getline,getline
1337,GLOBAL,getline,getline
1338,GLOBAL,getline,getline
1339,GLOBAL,getline,getline
1340,GLOBAL,getline,getline
1341,GLOBAL,__copy_streambufs_eof,getline
1342,GLOBAL,__copy_streambufs_eof,getline
1343,GLOBAL,__copy_streambufs_eof,getline
1344,GLOBAL,__copy_streambufs_eof,getline
1345,GLOBAL,__copy_streambufs_eof,getline
1346,GLOBAL,__copy_streambufs_eof,getline
1347,GLOBAL,__copy_streambufs_eof,getline
1348,GLOBAL,__copy_streambufs_eof,getline
1349,GLOBAL,__copy_streambufs,__copy_streambufs
1350,GLOBAL,find,find
1351,GLOBAL,find,find
1352,GLOBAL,find,find
1353,GLOBAL,find,find
1354,GLOBAL,find,find
1355,GLOBAL,find,find
1356,GLOBAL,find,find
1357,GLOBAL,find,find
1358,GLOBAL,find,find
1359,GLOBAL,find,find
1360,GLOBAL,find,find
1361,GLOBAL,find,find
1362,GLOBAL,find,find
1363,GLOBAL,find,find
1364,GLOBAL,find,find
1365,GLOBAL,find,find
1366,GLOBAL,find,find
1367,GLOBAL,find,find
1368,GLOBAL,find,find
1369,GLOBAL,operator==,operator==
1370,GLOBAL,operator!=,operator!=
1371,GLOBAL,copy,copy
1372,GLOBAL,copy,copy
1373,GLOBAL,copy,copy
1374,GLOBAL,copy,copy
1375,GLOBAL,copy,copy
1376,GLOBAL,copy,copy
1377,GLOBAL,__copy_move_a2,copy
1378,GLOBAL,__copy_move_a2,copy
1379,GLOBAL,__copy_move_a2,copy
1380,GLOBAL,__copy_move_a2,copy
1381,GLOBAL,__copy_move_a2,copy
1382,GLOBAL,__copy_move_a2,copy
1383,GLOBAL,__copy_move_a2,copy
1384,GLOBAL,__copy_move_a2,copy
1385,GLOBAL,__copy_move_a2,copy
1386,GLOBAL,__copy_move_a2,copy
1387,GLOBAL,__copy_move_a2,copy
1388,GLOBAL,__copy_move_a2,copy
1389,GLOBAL,__copy_move_a2,copy
1390,GLOBAL,__copy_move_a2,copy
1391,GLOBAL,__copy_move_a2,copy
1392,GLOBAL,__copy_move_a2,copy
1393,GLOBAL,__copy_move_a2,copy
1394,GLOBAL,__copy_move_a2,copy
1395,GLOBAL,__copy_move_a2,copy
1396,GLOBAL,__copy_move_a2,copy
1397,GLOBAL,__copy_move_a2,copy
1398,GLOBAL,__copy_move_a2,copy
1399,GLOBAL,__copy_move_a2,copy
1400,GLOBAL,__copy_move_a2,copy
1401,GLOBAL,__copy_move_a2,copy
1402,GLOBAL,__copy_move_a2,copy
1403,GLOBAL,__copy_move_a2,copy
1404,GLOBAL,__copy_move_a2,copy
1405,GLOBAL,__copy_move_a2,copy
1406,GLOBAL,__copy_move_a2,copy
1407,GLOBAL,__copy_move_a2,copy
1408,GLOBAL,__copy_move_a2,copy
1409,GLOBAL,__copy_move_a2,copy
1410,GLOBAL,__copy_move_a2,copy
1411,GLOBAL,isspace,copy
1412,GLOBAL,isspace,copy
1413,GLOBAL,isprint,copy
1414,GLOBAL,isprint,copy
1415,GLOBAL,iscntrl,copy
1416,GLOBAL,iscntrl,copy
1417,GLOBAL,isupper,copy
1418,GLOBAL,isupper,copy
1419,GLOBAL,islower,copy
1420,GLOBAL,islower,copy
1421,GLOBAL,isalpha,copy
1422,GLOBAL,isalpha,copy
1423,GLOBAL,isdigit,copy
1424,GLOBAL,isdigit,copy
1425,GLOBAL,ispunct,copy
1426,GLOBAL,ispunct,copy
1427,GLOBAL,isxdigit,copy
1428,GLOBAL,isxdigit,copy
1429,GLOBAL,isalnum,copy
1430,GLOBAL,isalnum,copy
1431,GLOBAL,isgraph,copy
1432,GLOBAL,isgraph,copy
1433,GLOBAL,toupper,copy
1434,GLOBAL,toupper,copy
1435,GLOBAL,tolower,copy
1436,GLOBAL,tolower,copy
1437,GLOBAL,tolower,copy
1438,GLOBAL,tolower,copy
1439,GLOBAL,tolower,copy
1440,GLOBAL,tolower,copy
1441,GLOBAL,tolower,copy
1442,GLOBAL,tolower,copy
1443,GLOBAL,tolower,copy
1444,GLOBAL,tolower,copy
1445,GLOBAL,tolower,copy
1446,GLOBAL,tolower,copy
1447,GLOBAL,tolower,copy
1448,GLOBAL,tolower,copy
1449,GLOBAL,tolower,copy
1450,GLOBAL,tolower,copy
1451,GLOBAL,tolower,copy
1452,GLOBAL,tolower,copy
1453,GLOBAL,tolower,copy
1454,GLOBAL,__verify_grouping,__verify_grouping,__uc-156,__loc-156,__lc-156
1455,GLOBAL,__verify_grouping,__verify_grouping,__lit_zero-218,<10>,__c-218
1456,GLOBAL,__verify_grouping,__verify_grouping,__lit_zero-307,<10>,__c-307
1457,GLOBAL,__verify_grouping,__verify_grouping,__lc-361,__lc-361,__found_grouping-361
1458,GLOBAL,__verify_grouping,__verify_grouping,__lit_zero-484,__len-484,__c-484
1459,GLOBAL,__verify_grouping,__verify_grouping,__lit_zero-528,__len-528,__c-528
1460,GLOBAL,__verify_grouping,__verify_grouping,__lc-559,__lc-559,__found_grouping-559
1461,GLOBAL,__verify_grouping,__verify_grouping
1462,GLOBAL,__verify_grouping,__verify_grouping
1463,GLOBAL,__verify_grouping,__verify_grouping
1464,GLOBAL,__verify_grouping,__verify_grouping
1465,GLOBAL,__verify_grouping,__verify_grouping
1466,GLOBAL,__verify_grouping,__verify_grouping
1467,GLOBAL,__verify_grouping,__verify_grouping
1468,GLOBAL,__verify_grouping,__verify_grouping
1469,GLOBAL,__int_to_char,__int_to_char
1470,GLOBAL,__int_to_char,__int_to_char
1471,GLOBAL,__int_to_char,__int_to_char
1472,GLOBAL,__int_to_char,__int_to_char
1473,GLOBAL,__int_to_char,__int_to_char
1474,GLOBAL,__int_to_char,__int_to_char
1475,GLOBAL,__int_to_char,__int_to_char
1476,GLOBAL,__int_to_char,__int_to_char
1477,GLOBAL,__int_to_char,__int_to_char
1478,GLOBAL,__int_to_char,__int_to_char
1479,GLOBAL,__int_to_char,__int_to_char
1480,GLOBAL,__int_to_char,__int_to_char
1481,GLOBAL,__int_to_char,__int_to_char
1482,GLOBAL,__int_to_char,__int_to_char
1483,GLOBAL,__int_to_char,__int_to_char
1484,GLOBAL,__int_to_char,__int_to_char
1485,GLOBAL,__int_to_char,__int_to_char
1486,GLOBAL,__int_to_char,__int_to_char
1487,GLOBAL,__int_to_char,__int_to_char
1488,GLOBAL,__int_to_char,__int_to_char
1489,GLOBAL,__int_to_char,__int_to_char
1490,GLOBAL,__int_to_char,__int_to_char
1491,GLOBAL,__int_to_char,__int_to_char
1492,GLOBAL,__check_facet,__check_facet,__c-450
1493,GLOBAL,__check_facet,__check_facet
1494,GLOBAL,__check_facet,__check_facet
1495,GLOBAL,__check_facet,__check_facet
1496,GLOBAL,__check_facet,__check_facet
1497,GLOBAL,__check_facet,__check_facet
1498,GLOBAL,__check_facet,__check_facet
1499,GLOBAL,__check_facet,__check_facet
1500,GLOBAL,__check_facet,__check_facet
1501,GLOBAL,__check_facet,__check_facet
1502,GLOBAL,__check_facet,__check_facet
1503,GLOBAL,__check_facet,__check_facet
1504,GLOBAL,__check_facet,__check_facet
1505,GLOBAL,__check_facet,__check_facet
1506,GLOBAL,__check_facet,__check_facet
1507,GLOBAL,__check_facet,__check_facet
1508,GLOBAL,__check_facet,__check_facet
1509,GLOBAL,__check_facet,__check_facet
1510,GLOBAL,__check_facet,__check_facet
1511,GLOBAL,__check_facet,__check_facet
1512,GLOBAL,__check_facet,__check_facet
1513,GLOBAL,__check_facet,__check_facet
1514,GLOBAL,__check_facet,__check_facet
1515,GLOBAL,__check_facet,__check_facet
1516,GLOBAL,__check_facet,__check_facet
1517,GLOBAL,__check_facet,__check_facet
1518,GLOBAL,__check_facet,__check_facet
1519,GLOBAL,__check_facet,__check_facet
1520,GLOBAL,__check_facet,__check_facet
1521,GLOBAL,__check_facet,__check_facet
1522,GLOBAL,__check_facet,__check_facet
1523,GLOBAL,__check_facet,__check_facet
1524,GLOBAL,__check_facet,__check_facet
1525,GLOBAL,__check_facet,__check_facet
1526,GLOBAL,__check_facet,__check_facet
1527,GLOBAL,__check_facet,__check_facet
1528,GLOBAL,__check_facet,__check_facet
1529,GLOBAL,__check_facet,__check_facet
1530,GLOBAL,operator>>,ws
1531,GLOBAL,ws,ws
1532,GLOBAL,ws,ws
1533,GLOBAL,ws,ws
1534,GLOBAL,ws,ws
1535,GLOBAL,ws,ws
1536,GLOBAL,ws,ws
1537,GLOBAL,ws,ws
1538,GLOBAL,ws,ws
1539,GLOBAL,ws,ws
1540,GLOBAL,ws,ws
1541,GLOBAL,ws,ws
1542,GLOBAL,strchr,strchr
1543,GLOBAL,strpbrk,strpbrk
1544,GLOBAL,strrchr,strrchr
1545,GLOBAL,strstr,strstr
1546,GLOBAL,Miller,rand
1547,GLOBAL,div,ldiv,__i-168,__j-168
1548,GLOBAL,abs,abs
1549,GLOBAL,abs,abs
1550,GLOBAL,Miller,mulmod,mod-68,mod-68,p-68
1551,GLOBAL,Miller,modulo,a-7,temp-7,p-7
1552,GLOBAL,MillerRabin.cpp,Miller,num-85,iteration-85
