0x3af8e80,MEMBER,AlgebraicExpression::evaluatePostfix,AlgebraicExpression::valid
0x3af8f30,MEMBER,AlgebraicExpression::evaluatePostfix,std::__cxx11::basic_string::length
0x3af9128,MEMBER,AlgebraicExpression::evaluatePostfix,std::__cxx11::basic_string::length
0x3af9350,MEMBER,AlgebraicExpression::evaluatePostfix,OBJ.at,k
0x3af9748,MEMBER,AlgebraicExpression::evaluatePostfix,OBJ.push,i
0x3af9870,MEMBER,AlgebraicExpression::evaluatePostfix,OBJ.top
0x3af9970,MEMBER,AlgebraicExpression::evaluatePostfix,OBJ.top
0x3b05d20,GLOBAL,AlgebraicExpression::evaluatePostfix,exit,1
0x3b05f38,MEMBER,AlgebraicExpression::evaluatePostfix,OBJ.push,r
0x3b06128,MEMBER,AlgebraicExpression::evaluatePostfix,OBJ.size
0x3b06270,MEMBER,AlgebraicExpression::evaluatePostfix,OBJ.top
0x3b077f8,GLOBAL,AlgebraicExpression::evaluatePostfix,exit,1
0x3b07bb0,MEMBER,AlgebraicExpression::evaluateInfix,AlgebraicExpression::valid
0x3b07d30,MEMBER,AlgebraicExpression::evaluateInfix,std::__cxx11::basic_string::length
0x3b07f58,MEMBER,AlgebraicExpression::evaluateInfix,OBJ.at,k
0x3b08518,MEMBER,AlgebraicExpression::evaluateInfix,OBJ.push,c
0x3b086f0,MEMBER,AlgebraicExpression::evaluateInfix,OBJ.top
0x3b089b8,MEMBER,AlgebraicExpression::evaluateInfix,OBJ.top
0x3b08e38,MEMBER,AlgebraicExpression::evaluateInfix,OBJ.isEmpty
0x3b08f30,MEMBER,AlgebraicExpression::evaluateInfix,OBJ.peek
0x3b09008,MEMBER,AlgebraicExpression::evaluateInfix,OBJ.isEmpty
0x3b091c8,MEMBER,AlgebraicExpression::evaluateInfix,AlgebraicExpression::precedence,op,c
0x3b09330,MEMBER,AlgebraicExpression::evaluateInfix,OBJ.top
0x3b09468,MEMBER,AlgebraicExpression::evaluateInfix,OBJ.isEmpty
0x3b09560,MEMBER,AlgebraicExpression::evaluateInfix,OBJ.peek
0x3b09730,MEMBER,AlgebraicExpression::evaluateInfix,OBJ.push,c
0x3b09950,MEMBER,AlgebraicExpression::evaluateInfix,OBJ.isEmpty
0x3b09a48,MEMBER,AlgebraicExpression::evaluateInfix,OBJ.top
0x3b12530,GLOBAL,AlgebraicExpression::evaluateInfix,exit,1
0x3b13de0,MEMBER,AlgebraicExpression::valid,std::__cxx11::basic_string::length
0x3b13fd8,MEMBER,AlgebraicExpression::valid,std::__cxx11::basic_string::length
0x3b14200,MEMBER,AlgebraicExpression::valid,OBJ.at,k
0x3b14548,MEMBER,AlgebraicExpression::valid,OBJ.push,c
0x3b146a0,MEMBER,AlgebraicExpression::valid,OBJ.isEmpty
0x3b14748,MEMBER,AlgebraicExpression::valid,OBJ.pop
0x3b14be8,MEMBER,AlgebraicExpression::valid,OBJ.push,c
0x3b14dc8,MEMBER,AlgebraicExpression::valid,OBJ.isEmpty
0x3b14e70,MEMBER,AlgebraicExpression::valid,OBJ.pop
0x3b15070,MEMBER,AlgebraicExpression::valid,OBJ.isEmpty
0x3b151b0,MEMBER,AlgebraicExpression::valid,OBJ.isEmpty
0x3b15430,MEMBER,AlgebraicExpression::valid,OBJ.at,0
0x3b159b8,MEMBER,AlgebraicExpression::valid,std::__cxx11::basic_string::length
0x3b15bb0,MEMBER,AlgebraicExpression::valid,std::__cxx11::basic_string::length
0x3b15e38,MEMBER,AlgebraicExpression::valid,OBJ.at,k
0x3b161f0,MEMBER,AlgebraicExpression::valid,OBJ.at,BINOP
